act1,act2,experiment,seed,accuracy,precision,recall,f1,best_epoch,stop_epoch,cell,family,bidir2
ReLU,ReLU,BiLSTM+LSTM,10,86.93,85.92,88.34,87.11,7,10,ReLU+ReLU,LSTM,False
ReLU,ELU,BiLSTM+LSTM,10,86.09,88.24,83.28,85.69,8,10,ReLU+ELU,LSTM,False
ReLU,LeakyReLU,BiLSTM+LSTM,10,86.94,88.92,84.4,86.6,6,9,ReLU+LeakyReLU,LSTM,False
ReLU,Tanh,BiLSTM+LSTM,10,86.73,85.26,88.82,87.0,8,10,ReLU+Tanh,LSTM,False
ReLU,GELU,BiLSTM+LSTM,10,87.35,87.57,87.06,87.31,7,10,ReLU+GELU,LSTM,False
ReLU,SiLU,BiLSTM+LSTM,10,86.86,85.91,88.18,87.03,7,10,ReLU+SiLU,LSTM,False
ReLU,Mish,BiLSTM+LSTM,10,86.15,88.21,83.46,85.77,9,10,ReLU+Mish,LSTM,False
ReLU,SELU,BiLSTM+LSTM,10,85.72,88.52,82.08,85.18,8,10,ReLU+SELU,LSTM,False
ReLU,PReLU,BiLSTM+LSTM,10,87.27,87.68,86.72,87.2,7,10,ReLU+PReLU,LSTM,False
ReLU,Hardswish,BiLSTM+LSTM,10,86.67,88.17,84.7,86.4,8,10,ReLU+Hardswish,LSTM,False
ELU,ReLU,BiLSTM+LSTM,10,85.45,84.6,86.68,85.63,4,7,ELU+ReLU,LSTM,False
ELU,ELU,BiLSTM+LSTM,10,86.47,88.96,83.28,86.02,8,10,ELU+ELU,LSTM,False
ELU,LeakyReLU,BiLSTM+LSTM,10,85.99,88.3,82.98,85.56,6,9,ELU+LeakyReLU,LSTM,False
ELU,Tanh,BiLSTM+LSTM,10,86.77,86.49,87.16,86.82,10,10,ELU+Tanh,LSTM,False
ELU,GELU,BiLSTM+LSTM,10,87.25,86.96,87.64,87.3,7,10,ELU+GELU,LSTM,False
ELU,SiLU,BiLSTM+LSTM,10,87.0,87.59,86.22,86.9,7,10,ELU+SiLU,LSTM,False
ELU,Mish,BiLSTM+LSTM,10,87.37,86.66,88.34,87.49,7,10,ELU+Mish,LSTM,False
ELU,SELU,BiLSTM+LSTM,10,87.04,87.87,85.94,86.9,6,9,ELU+SELU,LSTM,False
ELU,PReLU,BiLSTM+LSTM,10,85.91,84.84,87.44,86.12,5,8,ELU+PReLU,LSTM,False
ELU,Hardswish,BiLSTM+LSTM,10,86.73,88.83,84.02,86.36,6,9,ELU+Hardswish,LSTM,False
LeakyReLU,ReLU,BiLSTM+LSTM,10,86.89,87.96,85.48,86.7,8,10,LeakyReLU+ReLU,LSTM,False
LeakyReLU,ELU,BiLSTM+LSTM,10,87.41,86.71,88.36,87.53,7,10,LeakyReLU+ELU,LSTM,False
LeakyReLU,LeakyReLU,BiLSTM+LSTM,10,87.37,87.77,86.84,87.3,7,10,LeakyReLU+LeakyReLU,LSTM,False
LeakyReLU,Tanh,BiLSTM+LSTM,10,86.49,86.78,86.1,86.44,8,10,LeakyReLU+Tanh,LSTM,False
LeakyReLU,GELU,BiLSTM+LSTM,10,87.39,86.49,88.62,87.54,7,10,LeakyReLU+GELU,LSTM,False
LeakyReLU,SiLU,BiLSTM+LSTM,10,87.04,87.31,86.68,86.99,8,10,LeakyReLU+SiLU,LSTM,False
LeakyReLU,Mish,BiLSTM+LSTM,10,86.22,85.64,87.04,86.33,8,10,LeakyReLU+Mish,LSTM,False
LeakyReLU,SELU,BiLSTM+LSTM,10,86.87,87.34,86.24,86.79,8,10,LeakyReLU+SELU,LSTM,False
LeakyReLU,PReLU,BiLSTM+LSTM,10,87.07,87.74,86.18,86.95,7,10,LeakyReLU+PReLU,LSTM,False
LeakyReLU,Hardswish,BiLSTM+LSTM,10,87.06,87.54,86.42,86.98,6,9,LeakyReLU+Hardswish,LSTM,False
Tanh,ReLU,BiLSTM+LSTM,10,86.39,88.77,83.32,85.96,8,10,Tanh+ReLU,LSTM,False
Tanh,ELU,BiLSTM+LSTM,10,86.25,85.27,87.64,86.44,8,10,Tanh+ELU,LSTM,False
Tanh,LeakyReLU,BiLSTM+LSTM,10,85.87,85.15,86.9,86.01,7,10,Tanh+LeakyReLU,LSTM,False
Tanh,Tanh,BiLSTM+LSTM,10,87.19,86.86,87.64,87.25,7,10,Tanh+Tanh,LSTM,False
Tanh,GELU,BiLSTM+LSTM,10,86.93,88.9,84.4,86.59,6,9,Tanh+GELU,LSTM,False
Tanh,SiLU,BiLSTM+LSTM,10,86.74,88.14,84.9,86.49,7,10,Tanh+SiLU,LSTM,False
Tanh,Mish,BiLSTM+LSTM,10,87.05,88.39,85.3,86.82,7,10,Tanh+Mish,LSTM,False
Tanh,SELU,BiLSTM+LSTM,10,84.61,89.23,78.72,83.65,8,10,Tanh+SELU,LSTM,False
Tanh,PReLU,BiLSTM+LSTM,10,86.71,84.43,90.02,87.14,8,10,Tanh+PReLU,LSTM,False
Tanh,Hardswish,BiLSTM+LSTM,10,86.98,88.03,85.6,86.8,7,10,Tanh+Hardswish,LSTM,False
GELU,ReLU,BiLSTM+LSTM,10,86.06,84.79,87.88,86.31,9,10,GELU+ReLU,LSTM,False
GELU,ELU,BiLSTM+LSTM,10,86.96,87.67,86.02,86.84,6,9,GELU+ELU,LSTM,False
GELU,LeakyReLU,BiLSTM+LSTM,10,86.34,90.25,81.48,85.64,6,9,GELU+LeakyReLU,LSTM,False
GELU,Tanh,BiLSTM+LSTM,10,87.2,85.71,89.28,87.46,6,9,GELU+Tanh,LSTM,False
GELU,GELU,BiLSTM+LSTM,10,87.41,85.42,90.22,87.75,5,8,GELU+GELU,LSTM,False
GELU,SiLU,BiLSTM+LSTM,10,87.03,89.67,83.7,86.58,8,10,GELU+SiLU,LSTM,False
GELU,Mish,BiLSTM+LSTM,10,86.3,87.59,84.58,86.06,6,9,GELU+Mish,LSTM,False
GELU,SELU,BiLSTM+LSTM,10,86.83,89.19,83.82,86.42,4,7,GELU+SELU,LSTM,False
GELU,PReLU,BiLSTM+LSTM,10,86.28,89.04,82.74,85.78,6,9,GELU+PReLU,LSTM,False
GELU,Hardswish,BiLSTM+LSTM,10,86.88,88.3,85.02,86.63,8,10,GELU+Hardswish,LSTM,False
SiLU,ReLU,BiLSTM+LSTM,10,86.9,88.61,84.68,86.6,6,9,SiLU+ReLU,LSTM,False
SiLU,ELU,BiLSTM+LSTM,10,86.99,86.89,87.12,87.01,8,10,SiLU+ELU,LSTM,False
SiLU,LeakyReLU,BiLSTM+LSTM,10,87.16,87.04,87.32,87.18,7,10,SiLU+LeakyReLU,LSTM,False
SiLU,Tanh,BiLSTM+LSTM,10,86.94,88.51,84.9,86.67,7,10,SiLU+Tanh,LSTM,False
SiLU,GELU,BiLSTM+LSTM,10,86.71,87.31,85.9,86.6,6,9,SiLU+GELU,LSTM,False
SiLU,SiLU,BiLSTM+LSTM,10,86.96,86.29,87.88,87.08,7,10,SiLU+SiLU,LSTM,False
SiLU,Mish,BiLSTM+LSTM,10,86.41,90.61,81.24,85.67,6,9,SiLU+Mish,LSTM,False
SiLU,SELU,BiLSTM+LSTM,10,87.03,86.54,87.7,87.12,9,10,SiLU+SELU,LSTM,False
SiLU,PReLU,BiLSTM+LSTM,10,86.94,87.13,86.68,86.91,7,10,SiLU+PReLU,LSTM,False
SiLU,Hardswish,BiLSTM+LSTM,10,87.46,86.62,88.6,87.6,6,9,SiLU+Hardswish,LSTM,False
Mish,ReLU,BiLSTM+LSTM,10,86.03,85.43,86.88,86.15,8,10,Mish+ReLU,LSTM,False
Mish,ELU,BiLSTM+LSTM,10,86.6,88.74,83.84,86.22,6,9,Mish+ELU,LSTM,False
Mish,LeakyReLU,BiLSTM+LSTM,10,86.28,88.6,83.28,85.86,6,9,Mish+LeakyReLU,LSTM,False
Mish,Tanh,BiLSTM+LSTM,10,87.41,88.64,85.82,87.21,7,10,Mish+Tanh,LSTM,False
Mish,GELU,BiLSTM+LSTM,10,86.6,85.9,87.58,86.73,6,9,Mish+GELU,LSTM,False
Mish,SiLU,BiLSTM+LSTM,10,87.3,88.3,86.0,87.13,6,9,Mish+SiLU,LSTM,False
Mish,Mish,BiLSTM+LSTM,10,87.12,84.43,91.02,87.6,7,10,Mish+Mish,LSTM,False
Mish,SELU,BiLSTM+LSTM,10,86.54,87.38,85.42,86.39,7,10,Mish+SELU,LSTM,False
Mish,PReLU,BiLSTM+LSTM,10,87.63,87.67,87.58,87.62,7,10,Mish+PReLU,LSTM,False
Mish,Hardswish,BiLSTM+LSTM,10,86.54,84.48,89.52,86.93,8,10,Mish+Hardswish,LSTM,False
SELU,ReLU,BiLSTM+LSTM,10,86.75,88.11,84.96,86.51,8,10,SELU+ReLU,LSTM,False
SELU,ELU,BiLSTM+LSTM,10,84.37,88.05,79.54,83.58,8,10,SELU+ELU,LSTM,False
SELU,LeakyReLU,BiLSTM+LSTM,10,85.98,87.54,83.9,85.68,4,7,SELU+LeakyReLU,LSTM,False
SELU,Tanh,BiLSTM+LSTM,10,86.63,90.37,82.0,85.98,8,10,SELU+Tanh,LSTM,False
SELU,GELU,BiLSTM+LSTM,10,86.44,87.49,85.04,86.25,8,10,SELU+GELU,LSTM,False
SELU,SiLU,BiLSTM+LSTM,10,87.17,88.52,85.42,86.94,7,10,SELU+SiLU,LSTM,False
SELU,Mish,BiLSTM+LSTM,10,87.37,87.71,86.92,87.31,6,9,SELU+Mish,LSTM,False
SELU,SELU,BiLSTM+LSTM,10,86.29,88.1,83.92,85.96,7,10,SELU+SELU,LSTM,False
SELU,PReLU,BiLSTM+LSTM,10,85.47,89.26,80.64,84.73,6,9,SELU+PReLU,LSTM,False
SELU,Hardswish,BiLSTM+LSTM,10,86.73,88.93,83.9,86.34,8,10,SELU+Hardswish,LSTM,False
PReLU,ReLU,BiLSTM+LSTM,10,86.92,88.39,85.0,86.66,8,10,PReLU+ReLU,LSTM,False
PReLU,ELU,BiLSTM+LSTM,10,87.71,86.38,89.54,87.93,6,9,PReLU+ELU,LSTM,False
PReLU,LeakyReLU,BiLSTM+LSTM,10,87.36,87.46,87.22,87.34,4,7,PReLU+LeakyReLU,LSTM,False
PReLU,Tanh,BiLSTM+LSTM,10,86.0,88.66,82.56,85.5,7,10,PReLU+Tanh,LSTM,False
PReLU,GELU,BiLSTM+LSTM,10,87.03,87.89,85.9,86.88,7,10,PReLU+GELU,LSTM,False
PReLU,SiLU,BiLSTM+LSTM,10,87.47,88.56,86.06,87.29,4,7,PReLU+SiLU,LSTM,False
PReLU,Mish,BiLSTM+LSTM,10,86.96,86.49,87.6,87.04,6,9,PReLU+Mish,LSTM,False
PReLU,SELU,BiLSTM+LSTM,10,86.8,88.4,84.72,86.52,7,10,PReLU+SELU,LSTM,False
PReLU,PReLU,BiLSTM+LSTM,10,86.96,86.71,87.3,87.0,8,10,PReLU+PReLU,LSTM,False
PReLU,Hardswish,BiLSTM+LSTM,10,87.1,87.37,86.74,87.05,8,10,PReLU+Hardswish,LSTM,False
Hardswish,ReLU,BiLSTM+LSTM,10,87.35,85.84,89.46,87.61,7,10,Hardswish+ReLU,LSTM,False
Hardswish,ELU,BiLSTM+LSTM,10,87.02,88.51,85.08,86.76,4,7,Hardswish+ELU,LSTM,False
Hardswish,LeakyReLU,BiLSTM+LSTM,10,85.27,85.95,84.32,85.13,8,10,Hardswish+LeakyReLU,LSTM,False
Hardswish,Tanh,BiLSTM+LSTM,10,86.41,87.13,85.44,86.28,8,10,Hardswish+Tanh,LSTM,False
Hardswish,GELU,BiLSTM+LSTM,10,87.09,86.61,87.74,87.17,8,10,Hardswish+GELU,LSTM,False
Hardswish,SiLU,BiLSTM+LSTM,10,87.45,89.3,85.1,87.15,6,9,Hardswish+SiLU,LSTM,False
Hardswish,Mish,BiLSTM+LSTM,10,87.3,87.17,87.48,87.32,6,9,Hardswish+Mish,LSTM,False
Hardswish,SELU,BiLSTM+LSTM,10,87.2,87.58,86.7,87.14,6,9,Hardswish+SELU,LSTM,False
Hardswish,PReLU,BiLSTM+LSTM,10,86.36,89.82,82.02,85.74,4,7,Hardswish+PReLU,LSTM,False
Hardswish,Hardswish,BiLSTM+LSTM,10,86.31,88.87,83.02,85.84,4,7,Hardswish+Hardswish,LSTM,False
ReLU,ReLU,BiLSTM+LSTM,20,86.81,85.61,88.5,87.03,9,10,ReLU+ReLU,LSTM,False
ReLU,ELU,BiLSTM+LSTM,20,86.87,86.66,87.16,86.91,7,10,ReLU+ELU,LSTM,False
ReLU,LeakyReLU,BiLSTM+LSTM,20,86.87,85.31,89.08,87.15,9,10,ReLU+LeakyReLU,LSTM,False
ReLU,Tanh,BiLSTM+LSTM,20,86.64,85.39,88.4,86.87,8,10,ReLU+Tanh,LSTM,False
ReLU,GELU,BiLSTM+LSTM,20,86.68,85.92,87.74,86.82,9,10,ReLU+GELU,LSTM,False
ReLU,SiLU,BiLSTM+LSTM,20,86.21,87.02,85.12,86.06,7,10,ReLU+SiLU,LSTM,False
ReLU,Mish,BiLSTM+LSTM,20,86.9,86.39,87.6,86.99,5,8,ReLU+Mish,LSTM,False
ReLU,SELU,BiLSTM+LSTM,20,87.12,86.34,88.2,87.26,5,8,ReLU+SELU,LSTM,False
ReLU,PReLU,BiLSTM+LSTM,20,86.44,86.72,86.06,86.39,5,8,ReLU+PReLU,LSTM,False
ReLU,Hardswish,BiLSTM+LSTM,20,86.89,84.97,89.64,87.24,7,10,ReLU+Hardswish,LSTM,False
ELU,ReLU,BiLSTM+LSTM,20,86.9,85.58,88.76,87.14,5,8,ELU+ReLU,LSTM,False
ELU,ELU,BiLSTM+LSTM,20,87.15,86.56,87.96,87.25,7,10,ELU+ELU,LSTM,False
ELU,LeakyReLU,BiLSTM+LSTM,20,86.51,86.27,86.84,86.55,7,10,ELU+LeakyReLU,LSTM,False
ELU,Tanh,BiLSTM+LSTM,20,86.88,85.63,88.64,87.11,7,10,ELU+Tanh,LSTM,False
ELU,GELU,BiLSTM+LSTM,20,86.27,86.05,86.58,86.31,7,10,ELU+GELU,LSTM,False
ELU,SiLU,BiLSTM+LSTM,20,87.18,85.38,89.72,87.5,5,8,ELU+SiLU,LSTM,False
ELU,Mish,BiLSTM+LSTM,20,87.07,85.94,88.64,87.27,8,10,ELU+Mish,LSTM,False
ELU,SELU,BiLSTM+LSTM,20,86.77,88.76,84.2,86.42,6,9,ELU+SELU,LSTM,False
ELU,PReLU,BiLSTM+LSTM,20,86.55,86.78,86.24,86.51,4,7,ELU+PReLU,LSTM,False
ELU,Hardswish,BiLSTM+LSTM,20,87.02,84.16,91.2,87.54,4,7,ELU+Hardswish,LSTM,False
LeakyReLU,ReLU,BiLSTM+LSTM,20,86.6,86.07,87.34,86.7,8,10,LeakyReLU+ReLU,LSTM,False
LeakyReLU,ELU,BiLSTM+LSTM,20,86.69,87.83,85.18,86.49,8,10,LeakyReLU+ELU,LSTM,False
LeakyReLU,LeakyReLU,BiLSTM+LSTM,20,87.57,85.58,90.36,87.91,10,10,LeakyReLU+LeakyReLU,LSTM,False
LeakyReLU,Tanh,BiLSTM+LSTM,20,87.57,86.57,88.94,87.74,7,10,LeakyReLU+Tanh,LSTM,False
LeakyReLU,GELU,BiLSTM+LSTM,20,87.19,87.18,87.2,87.19,8,10,LeakyReLU+GELU,LSTM,False
LeakyReLU,SiLU,BiLSTM+LSTM,20,87.54,85.93,89.78,87.81,7,10,LeakyReLU+SiLU,LSTM,False
LeakyReLU,Mish,BiLSTM+LSTM,20,86.75,87.23,86.1,86.66,7,10,LeakyReLU+Mish,LSTM,False
LeakyReLU,SELU,BiLSTM+LSTM,20,87.97,87.62,88.44,88.03,7,10,LeakyReLU+SELU,LSTM,False
LeakyReLU,PReLU,BiLSTM+LSTM,20,86.48,85.19,88.32,86.72,5,8,LeakyReLU+PReLU,LSTM,False
LeakyReLU,Hardswish,BiLSTM+LSTM,20,87.27,86.12,88.86,87.47,9,10,LeakyReLU+Hardswish,LSTM,False
Tanh,ReLU,BiLSTM+LSTM,20,86.47,84.5,89.32,86.84,9,10,Tanh+ReLU,LSTM,False
Tanh,ELU,BiLSTM+LSTM,20,86.54,86.22,86.98,86.6,4,7,Tanh+ELU,LSTM,False
Tanh,LeakyReLU,BiLSTM+LSTM,20,87.11,86.36,88.14,87.24,7,10,Tanh+LeakyReLU,LSTM,False
Tanh,Tanh,BiLSTM+LSTM,20,87.17,86.48,88.12,87.29,5,8,Tanh+Tanh,LSTM,False
Tanh,GELU,BiLSTM+LSTM,20,87.03,88.74,84.82,86.74,6,9,Tanh+GELU,LSTM,False
Tanh,SiLU,BiLSTM+LSTM,20,87.38,86.25,88.94,87.57,9,10,Tanh+SiLU,LSTM,False
Tanh,Mish,BiLSTM+LSTM,20,86.44,86.7,86.08,86.39,6,9,Tanh+Mish,LSTM,False
Tanh,SELU,BiLSTM+LSTM,20,86.86,87.66,85.8,86.72,7,10,Tanh+SELU,LSTM,False
Tanh,PReLU,BiLSTM+LSTM,20,86.7,84.58,89.76,87.09,9,10,Tanh+PReLU,LSTM,False
Tanh,Hardswish,BiLSTM+LSTM,20,86.64,90.46,81.92,85.98,7,10,Tanh+Hardswish,LSTM,False
GELU,ReLU,BiLSTM+LSTM,20,87.15,87.46,86.74,87.1,7,10,GELU+ReLU,LSTM,False
GELU,ELU,BiLSTM+LSTM,20,87.37,86.77,88.18,87.47,9,10,GELU+ELU,LSTM,False
GELU,LeakyReLU,BiLSTM+LSTM,20,87.44,87.61,87.22,87.41,7,10,GELU+LeakyReLU,LSTM,False
GELU,Tanh,BiLSTM+LSTM,20,86.14,84.37,88.72,86.49,7,10,GELU+Tanh,LSTM,False
GELU,GELU,BiLSTM+LSTM,20,86.72,87.79,85.3,86.53,7,10,GELU+GELU,LSTM,False
GELU,SiLU,BiLSTM+LSTM,20,86.98,89.29,84.04,86.59,6,9,GELU+SiLU,LSTM,False
GELU,Mish,BiLSTM+LSTM,20,86.23,86.63,85.68,86.15,8,10,GELU+Mish,LSTM,False
GELU,SELU,BiLSTM+LSTM,20,86.04,86.6,85.28,85.93,10,10,GELU+SELU,LSTM,False
GELU,PReLU,BiLSTM+LSTM,20,86.82,87.36,86.1,86.72,7,10,GELU+PReLU,LSTM,False
GELU,Hardswish,BiLSTM+LSTM,20,86.86,86.7,87.08,86.89,7,10,GELU+Hardswish,LSTM,False
SiLU,ReLU,BiLSTM+LSTM,20,86.59,84.7,89.32,86.95,4,7,SiLU+ReLU,LSTM,False
SiLU,ELU,BiLSTM+LSTM,20,86.53,85.32,88.24,86.76,7,10,SiLU+ELU,LSTM,False
SiLU,LeakyReLU,BiLSTM+LSTM,20,87.46,85.51,90.2,87.79,5,8,SiLU+LeakyReLU,LSTM,False
SiLU,Tanh,BiLSTM+LSTM,20,87.32,86.43,88.54,87.47,7,10,SiLU+Tanh,LSTM,False
SiLU,GELU,BiLSTM+LSTM,20,86.39,88.04,84.22,86.09,6,9,SiLU+GELU,LSTM,False
SiLU,SiLU,BiLSTM+LSTM,20,86.63,88.15,84.64,86.36,7,10,SiLU+SiLU,LSTM,False
SiLU,Mish,BiLSTM+LSTM,20,87.24,84.79,90.76,87.67,7,10,SiLU+Mish,LSTM,False
SiLU,SELU,BiLSTM+LSTM,20,86.59,85.91,87.54,86.72,9,10,SiLU+SELU,LSTM,False
SiLU,PReLU,BiLSTM+LSTM,20,86.78,86.26,87.5,86.87,7,10,SiLU+PReLU,LSTM,False
SiLU,Hardswish,BiLSTM+LSTM,20,86.9,89.36,83.78,86.48,6,9,SiLU+Hardswish,LSTM,False
Mish,ReLU,BiLSTM+LSTM,20,86.71,87.1,86.18,86.64,7,10,Mish+ReLU,LSTM,False
Mish,ELU,BiLSTM+LSTM,20,85.42,85.76,84.94,85.35,4,7,Mish+ELU,LSTM,False
Mish,LeakyReLU,BiLSTM+LSTM,20,86.81,87.05,86.48,86.77,7,10,Mish+LeakyReLU,LSTM,False
Mish,Tanh,BiLSTM+LSTM,20,85.53,84.42,87.14,85.76,9,10,Mish+Tanh,LSTM,False
Mish,GELU,BiLSTM+LSTM,20,86.77,88.91,84.02,86.4,6,9,Mish+GELU,LSTM,False
Mish,SiLU,BiLSTM+LSTM,20,86.07,87.1,84.68,85.87,10,10,Mish+SiLU,LSTM,False
Mish,Mish,BiLSTM+LSTM,20,86.17,88.93,82.62,85.66,9,10,Mish+Mish,LSTM,False
Mish,SELU,BiLSTM+LSTM,20,87.33,88.12,86.3,87.2,7,10,Mish+SELU,LSTM,False
Mish,PReLU,BiLSTM+LSTM,20,85.13,82.4,89.34,85.73,5,8,Mish+PReLU,LSTM,False
Mish,Hardswish,BiLSTM+LSTM,20,87.12,88.17,85.74,86.94,7,10,Mish+Hardswish,LSTM,False
SELU,ReLU,BiLSTM+LSTM,20,85.55,87.57,82.86,85.15,7,10,SELU+ReLU,LSTM,False
SELU,ELU,BiLSTM+LSTM,20,86.9,85.34,89.1,87.18,7,10,SELU+ELU,LSTM,False
SELU,LeakyReLU,BiLSTM+LSTM,20,86.76,88.86,84.06,86.39,7,10,SELU+LeakyReLU,LSTM,False
SELU,Tanh,BiLSTM+LSTM,20,86.66,89.22,83.4,86.21,6,9,SELU+Tanh,LSTM,False
SELU,GELU,BiLSTM+LSTM,20,86.92,85.72,88.6,87.14,7,10,SELU+GELU,LSTM,False
SELU,SiLU,BiLSTM+LSTM,20,87.1,87.37,86.74,87.05,7,10,SELU+SiLU,LSTM,False
SELU,Mish,BiLSTM+LSTM,20,85.86,85.09,86.96,86.01,5,8,SELU+Mish,LSTM,False
SELU,SELU,BiLSTM+LSTM,20,85.59,87.1,83.56,85.29,7,10,SELU+SELU,LSTM,False
SELU,PReLU,BiLSTM+LSTM,20,86.77,86.73,86.82,86.78,7,10,SELU+PReLU,LSTM,False
SELU,Hardswish,BiLSTM+LSTM,20,86.74,85.84,88.0,86.9,5,8,SELU+Hardswish,LSTM,False
PReLU,ReLU,BiLSTM+LSTM,20,86.19,86.33,86.0,86.16,7,10,PReLU+ReLU,LSTM,False
PReLU,ELU,BiLSTM+LSTM,20,87.11,86.88,87.42,87.15,6,9,PReLU+ELU,LSTM,False
PReLU,LeakyReLU,BiLSTM+LSTM,20,86.83,89.14,83.88,86.43,7,10,PReLU+LeakyReLU,LSTM,False
PReLU,Tanh,BiLSTM+LSTM,20,86.43,84.53,89.18,86.79,9,10,PReLU+Tanh,LSTM,False
PReLU,GELU,BiLSTM+LSTM,20,85.34,82.93,89.0,85.86,10,10,PReLU+GELU,LSTM,False
PReLU,SiLU,BiLSTM+LSTM,20,86.36,87.84,84.4,86.09,8,10,PReLU+SiLU,LSTM,False
PReLU,Mish,BiLSTM+LSTM,20,85.48,82.85,89.48,86.04,8,10,PReLU+Mish,LSTM,False
PReLU,SELU,BiLSTM+LSTM,20,86.99,89.43,83.9,86.58,6,9,PReLU+SELU,LSTM,False
PReLU,PReLU,BiLSTM+LSTM,20,87.37,85.57,89.9,87.68,7,10,PReLU+PReLU,LSTM,False
PReLU,Hardswish,BiLSTM+LSTM,20,86.9,88.49,84.84,86.62,7,10,PReLU+Hardswish,LSTM,False
Hardswish,ReLU,BiLSTM+LSTM,20,86.94,86.72,87.24,86.98,4,7,Hardswish+ReLU,LSTM,False
Hardswish,ELU,BiLSTM+LSTM,20,86.19,84.9,88.04,86.44,4,7,Hardswish+ELU,LSTM,False
Hardswish,LeakyReLU,BiLSTM+LSTM,20,86.85,85.6,88.6,87.08,4,7,Hardswish+LeakyReLU,LSTM,False
Hardswish,Tanh,BiLSTM+LSTM,20,86.27,83.59,90.26,86.8,4,7,Hardswish+Tanh,LSTM,False
Hardswish,GELU,BiLSTM+LSTM,20,86.48,83.01,91.74,87.16,4,7,Hardswish+GELU,LSTM,False
Hardswish,SiLU,BiLSTM+LSTM,20,87.34,86.68,88.24,87.45,5,8,Hardswish+SiLU,LSTM,False
Hardswish,Mish,BiLSTM+LSTM,20,86.8,84.89,89.54,87.15,5,8,Hardswish+Mish,LSTM,False
Hardswish,SELU,BiLSTM+LSTM,20,86.89,86.69,87.16,86.93,7,10,Hardswish+SELU,LSTM,False
Hardswish,PReLU,BiLSTM+LSTM,20,87.36,87.71,86.9,87.3,7,10,Hardswish+PReLU,LSTM,False
Hardswish,Hardswish,BiLSTM+LSTM,20,86.67,89.56,83.02,86.17,6,9,Hardswish+Hardswish,LSTM,False
ReLU,ReLU,BiLSTM+LSTM,30,86.5,88.4,84.02,86.16,8,10,ReLU+ReLU,LSTM,False
ReLU,ELU,BiLSTM+LSTM,30,86.47,87.33,85.32,86.31,7,10,ReLU+ELU,LSTM,False
ReLU,LeakyReLU,BiLSTM+LSTM,30,87.03,88.03,85.72,86.86,5,8,ReLU+LeakyReLU,LSTM,False
ReLU,Tanh,BiLSTM+LSTM,30,86.86,85.58,88.66,87.09,8,10,ReLU+Tanh,LSTM,False
ReLU,GELU,BiLSTM+LSTM,30,86.85,86.52,87.3,86.91,10,10,ReLU+GELU,LSTM,False
ReLU,SiLU,BiLSTM+LSTM,30,87.03,86.98,87.1,87.04,6,9,ReLU+SiLU,LSTM,False
ReLU,Mish,BiLSTM+LSTM,30,86.08,85.62,86.72,86.17,9,10,ReLU+Mish,LSTM,False
ReLU,SELU,BiLSTM+LSTM,30,87.28,88.31,85.94,87.11,6,9,ReLU+SELU,LSTM,False
ReLU,PReLU,BiLSTM+LSTM,30,86.87,86.83,86.92,86.88,7,10,ReLU+PReLU,LSTM,False
ReLU,Hardswish,BiLSTM+LSTM,30,87.13,87.44,86.72,87.08,6,9,ReLU+Hardswish,LSTM,False
ELU,ReLU,BiLSTM+LSTM,30,87.22,86.91,87.64,87.27,6,9,ELU+ReLU,LSTM,False
ELU,ELU,BiLSTM+LSTM,30,86.77,86.53,87.1,86.81,9,10,ELU+ELU,LSTM,False
ELU,LeakyReLU,BiLSTM+LSTM,30,86.71,84.53,89.86,87.12,5,8,ELU+LeakyReLU,LSTM,False
ELU,Tanh,BiLSTM+LSTM,30,86.55,87.05,85.88,86.46,7,10,ELU+Tanh,LSTM,False
ELU,GELU,BiLSTM+LSTM,30,87.0,87.68,86.1,86.88,6,9,ELU+GELU,LSTM,False
ELU,SiLU,BiLSTM+LSTM,30,87.07,86.52,87.82,87.17,9,10,ELU+SiLU,LSTM,False
ELU,Mish,BiLSTM+LSTM,30,87.29,86.22,88.76,87.47,6,9,ELU+Mish,LSTM,False
ELU,SELU,BiLSTM+LSTM,30,86.97,87.11,86.78,86.95,5,8,ELU+SELU,LSTM,False
ELU,PReLU,BiLSTM+LSTM,30,86.64,88.01,84.84,86.4,6,9,ELU+PReLU,LSTM,False
ELU,Hardswish,BiLSTM+LSTM,30,86.41,87.36,85.14,86.24,7,10,ELU+Hardswish,LSTM,False
LeakyReLU,ReLU,BiLSTM+LSTM,30,86.43,86.47,86.38,86.42,10,10,LeakyReLU+ReLU,LSTM,False
LeakyReLU,ELU,BiLSTM+LSTM,30,86.53,84.7,89.16,86.88,7,10,LeakyReLU+ELU,LSTM,False
LeakyReLU,LeakyReLU,BiLSTM+LSTM,30,86.51,87.23,85.54,86.38,7,10,LeakyReLU+LeakyReLU,LSTM,False
LeakyReLU,Tanh,BiLSTM+LSTM,30,86.52,89.03,83.3,86.07,6,9,LeakyReLU+Tanh,LSTM,False
LeakyReLU,GELU,BiLSTM+LSTM,30,86.26,83.76,89.96,86.75,6,9,LeakyReLU+GELU,LSTM,False
LeakyReLU,SiLU,BiLSTM+LSTM,30,86.42,85.43,87.82,86.61,7,10,LeakyReLU+SiLU,LSTM,False
LeakyReLU,Mish,BiLSTM+LSTM,30,86.91,85.57,88.8,87.15,7,10,LeakyReLU+Mish,LSTM,False
LeakyReLU,SELU,BiLSTM+LSTM,30,84.97,82.51,88.76,85.52,9,10,LeakyReLU+SELU,LSTM,False
LeakyReLU,PReLU,BiLSTM+LSTM,30,86.85,84.38,90.44,87.31,7,10,LeakyReLU+PReLU,LSTM,False
LeakyReLU,Hardswish,BiLSTM+LSTM,30,86.36,87.52,84.82,86.15,9,10,LeakyReLU+Hardswish,LSTM,False
Tanh,ReLU,BiLSTM+LSTM,30,86.95,88.08,85.46,86.75,6,9,Tanh+ReLU,LSTM,False
Tanh,ELU,BiLSTM+LSTM,30,85.82,85.88,85.74,85.81,7,10,Tanh+ELU,LSTM,False
Tanh,LeakyReLU,BiLSTM+LSTM,30,86.33,86.05,86.72,86.38,6,9,Tanh+LeakyReLU,LSTM,False
Tanh,Tanh,BiLSTM+LSTM,30,87.65,87.76,87.5,87.63,7,10,Tanh+Tanh,LSTM,False
Tanh,GELU,BiLSTM+LSTM,30,86.65,87.09,86.06,86.57,7,10,Tanh+GELU,LSTM,False
Tanh,SiLU,BiLSTM+LSTM,30,86.17,88.55,83.08,85.73,6,9,Tanh+SiLU,LSTM,False
Tanh,Mish,BiLSTM+LSTM,30,87.41,86.31,88.92,87.6,6,9,Tanh+Mish,LSTM,False
Tanh,SELU,BiLSTM+LSTM,30,86.81,86.74,86.9,86.82,6,9,Tanh+SELU,LSTM,False
Tanh,PReLU,BiLSTM+LSTM,30,87.3,87.49,87.04,87.27,6,9,Tanh+PReLU,LSTM,False
Tanh,Hardswish,BiLSTM+LSTM,30,86.35,88.26,83.86,86.0,7,10,Tanh+Hardswish,LSTM,False
GELU,ReLU,BiLSTM+LSTM,30,85.44,83.1,88.98,85.94,8,10,GELU+ReLU,LSTM,False
GELU,ELU,BiLSTM+LSTM,30,87.65,85.77,90.28,87.97,6,9,GELU+ELU,LSTM,False
GELU,LeakyReLU,BiLSTM+LSTM,30,86.02,86.86,84.88,85.86,7,10,GELU+LeakyReLU,LSTM,False
GELU,Tanh,BiLSTM+LSTM,30,86.52,86.83,86.1,86.46,5,8,GELU+Tanh,LSTM,False
GELU,GELU,BiLSTM+LSTM,30,87.36,86.23,88.92,87.55,5,8,GELU+GELU,LSTM,False
GELU,SiLU,BiLSTM+LSTM,30,86.98,88.75,84.7,86.68,6,9,GELU+SiLU,LSTM,False
GELU,Mish,BiLSTM+LSTM,30,86.23,87.94,83.98,85.91,7,10,GELU+Mish,LSTM,False
GELU,SELU,BiLSTM+LSTM,30,86.64,85.98,87.56,86.76,7,10,GELU+SELU,LSTM,False
GELU,PReLU,BiLSTM+LSTM,30,85.9,87.57,83.68,85.58,6,9,GELU+PReLU,LSTM,False
GELU,Hardswish,BiLSTM+LSTM,30,87.02,88.07,85.64,86.84,9,10,GELU+Hardswish,LSTM,False
SiLU,ReLU,BiLSTM+LSTM,30,86.77,85.03,89.26,87.09,8,10,SiLU+ReLU,LSTM,False
SiLU,ELU,BiLSTM+LSTM,30,86.99,88.32,85.26,86.76,7,10,SiLU+ELU,LSTM,False
SiLU,LeakyReLU,BiLSTM+LSTM,30,86.25,86.1,86.46,86.28,7,10,SiLU+LeakyReLU,LSTM,False
SiLU,Tanh,BiLSTM+LSTM,30,87.41,85.98,89.4,87.66,6,9,SiLU+Tanh,LSTM,False
SiLU,GELU,BiLSTM+LSTM,30,86.85,87.84,85.54,86.68,6,9,SiLU+GELU,LSTM,False
SiLU,SiLU,BiLSTM+LSTM,30,86.89,85.96,88.18,87.06,7,10,SiLU+SiLU,LSTM,False
SiLU,Mish,BiLSTM+LSTM,30,87.38,86.65,88.38,87.5,5,8,SiLU+Mish,LSTM,False
SiLU,SELU,BiLSTM+LSTM,30,86.0,86.73,85.0,85.86,5,8,SiLU+SELU,LSTM,False
SiLU,PReLU,BiLSTM+LSTM,30,86.48,87.92,84.58,86.22,6,9,SiLU+PReLU,LSTM,False
SiLU,Hardswish,BiLSTM+LSTM,30,86.0,86.22,85.7,85.96,7,10,SiLU+Hardswish,LSTM,False
Mish,ReLU,BiLSTM+LSTM,30,86.8,87.61,85.72,86.66,7,10,Mish+ReLU,LSTM,False
Mish,ELU,BiLSTM+LSTM,30,85.82,87.2,83.96,85.55,9,10,Mish+ELU,LSTM,False
Mish,LeakyReLU,BiLSTM+LSTM,30,87.06,88.1,85.7,86.88,7,10,Mish+LeakyReLU,LSTM,False
Mish,Tanh,BiLSTM+LSTM,30,86.91,85.44,88.98,87.18,8,10,Mish+Tanh,LSTM,False
Mish,GELU,BiLSTM+LSTM,30,87.1,84.92,90.22,87.49,5,8,Mish+GELU,LSTM,False
Mish,SiLU,BiLSTM+LSTM,30,87.46,88.52,86.08,87.28,5,8,Mish+SiLU,LSTM,False
Mish,Mish,BiLSTM+LSTM,30,86.69,87.37,85.78,86.57,6,9,Mish+Mish,LSTM,False
Mish,SELU,BiLSTM+LSTM,30,87.11,85.35,89.6,87.42,5,8,Mish+SELU,LSTM,False
Mish,PReLU,BiLSTM+LSTM,30,85.76,87.14,83.9,85.49,6,9,Mish+PReLU,LSTM,False
Mish,Hardswish,BiLSTM+LSTM,30,87.61,86.11,89.68,87.86,5,8,Mish+Hardswish,LSTM,False
SELU,ReLU,BiLSTM+LSTM,30,87.55,87.19,88.04,87.61,6,9,SELU+ReLU,LSTM,False
SELU,ELU,BiLSTM+LSTM,30,86.8,87.54,85.82,86.67,9,10,SELU+ELU,LSTM,False
SELU,LeakyReLU,BiLSTM+LSTM,30,85.92,89.4,81.5,85.27,6,9,SELU+LeakyReLU,LSTM,False
SELU,Tanh,BiLSTM+LSTM,30,86.53,87.73,84.94,86.31,9,10,SELU+Tanh,LSTM,False
SELU,GELU,BiLSTM+LSTM,30,85.64,85.88,85.3,85.59,9,10,SELU+GELU,LSTM,False
SELU,SiLU,BiLSTM+LSTM,30,86.09,87.93,83.66,85.74,5,8,SELU+SiLU,LSTM,False
SELU,Mish,BiLSTM+LSTM,30,86.56,87.32,85.54,86.42,9,10,SELU+Mish,LSTM,False
SELU,SELU,BiLSTM+LSTM,30,86.83,86.1,87.84,86.96,6,9,SELU+SELU,LSTM,False
SELU,PReLU,BiLSTM+LSTM,30,86.56,86.81,86.22,86.51,6,9,SELU+PReLU,LSTM,False
SELU,Hardswish,BiLSTM+LSTM,30,86.76,88.39,84.64,86.47,7,10,SELU+Hardswish,LSTM,False
PReLU,ReLU,BiLSTM+LSTM,30,87.15,85.69,89.2,87.41,8,10,PReLU+ReLU,LSTM,False
PReLU,ELU,BiLSTM+LSTM,30,86.06,86.02,86.12,86.07,8,10,PReLU+ELU,LSTM,False
PReLU,LeakyReLU,BiLSTM+LSTM,30,86.55,85.67,87.78,86.71,8,10,PReLU+LeakyReLU,LSTM,False
PReLU,Tanh,BiLSTM+LSTM,30,87.01,86.45,87.78,87.11,9,10,PReLU+Tanh,LSTM,False
PReLU,GELU,BiLSTM+LSTM,30,86.53,86.52,86.54,86.53,6,9,PReLU+GELU,LSTM,False
PReLU,SiLU,BiLSTM+LSTM,30,87.16,86.73,87.74,87.23,7,10,PReLU+SiLU,LSTM,False
PReLU,Mish,BiLSTM+LSTM,30,85.84,88.1,82.88,85.41,7,10,PReLU+Mish,LSTM,False
PReLU,SELU,BiLSTM+LSTM,30,86.88,84.67,90.06,87.28,6,9,PReLU+SELU,LSTM,False
PReLU,PReLU,BiLSTM+LSTM,30,86.93,85.39,89.1,87.21,8,10,PReLU+PReLU,LSTM,False
PReLU,Hardswish,BiLSTM+LSTM,30,87.01,86.88,87.18,87.03,6,9,PReLU+Hardswish,LSTM,False
Hardswish,ReLU,BiLSTM+LSTM,30,85.68,87.97,82.66,85.23,7,10,Hardswish+ReLU,LSTM,False
Hardswish,ELU,BiLSTM+LSTM,30,87.23,85.59,89.54,87.52,6,9,Hardswish+ELU,LSTM,False
Hardswish,LeakyReLU,BiLSTM+LSTM,30,86.5,87.68,84.94,86.29,7,10,Hardswish+LeakyReLU,LSTM,False
Hardswish,Tanh,BiLSTM+LSTM,30,86.09,84.07,89.06,86.49,6,9,Hardswish+Tanh,LSTM,False
Hardswish,GELU,BiLSTM+LSTM,30,86.45,86.59,86.26,86.42,7,10,Hardswish+GELU,LSTM,False
Hardswish,SiLU,BiLSTM+LSTM,30,87.65,88.36,86.72,87.53,6,9,Hardswish+SiLU,LSTM,False
Hardswish,Mish,BiLSTM+LSTM,30,86.83,87.32,86.18,86.74,6,9,Hardswish+Mish,LSTM,False
Hardswish,SELU,BiLSTM+LSTM,30,86.4,89.12,82.92,85.91,10,10,Hardswish+SELU,LSTM,False
Hardswish,PReLU,BiLSTM+LSTM,30,86.7,87.6,85.5,86.54,6,9,Hardswish+PReLU,LSTM,False
Hardswish,Hardswish,BiLSTM+LSTM,30,87.09,87.95,85.96,86.94,9,10,Hardswish+Hardswish,LSTM,False
ReLU,ReLU,BiLSTM+LSTM,40,87.55,86.84,88.52,87.67,7,10,ReLU+ReLU,LSTM,False
ReLU,ELU,BiLSTM+LSTM,40,87.4,84.98,90.86,87.82,6,9,ReLU+ELU,LSTM,False
ReLU,LeakyReLU,BiLSTM+LSTM,40,86.55,87.3,85.54,86.41,9,10,ReLU+LeakyReLU,LSTM,False
ReLU,Tanh,BiLSTM+LSTM,40,87.54,86.4,89.1,87.73,8,10,ReLU+Tanh,LSTM,False
ReLU,GELU,BiLSTM+LSTM,40,87.69,87.34,88.16,87.75,7,10,ReLU+GELU,LSTM,False
ReLU,SiLU,BiLSTM+LSTM,40,87.16,87.61,86.56,87.08,7,10,ReLU+SiLU,LSTM,False
ReLU,Mish,BiLSTM+LSTM,40,87.09,87.04,87.16,87.1,7,10,ReLU+Mish,LSTM,False
ReLU,SELU,BiLSTM+LSTM,40,85.78,86.32,85.04,85.67,7,10,ReLU+SELU,LSTM,False
ReLU,PReLU,BiLSTM+LSTM,40,87.0,86.02,88.36,87.17,8,10,ReLU+PReLU,LSTM,False
ReLU,Hardswish,BiLSTM+LSTM,40,86.41,87.5,84.96,86.21,9,10,ReLU+Hardswish,LSTM,False
ELU,ReLU,BiLSTM+LSTM,40,87.18,86.67,87.88,87.27,7,10,ELU+ReLU,LSTM,False
ELU,ELU,BiLSTM+LSTM,40,87.36,87.08,87.74,87.41,4,7,ELU+ELU,LSTM,False
ELU,LeakyReLU,BiLSTM+LSTM,40,86.96,87.03,86.86,86.95,9,10,ELU+LeakyReLU,LSTM,False
ELU,Tanh,BiLSTM+LSTM,40,87.72,86.78,89.0,87.88,7,10,ELU+Tanh,LSTM,False
ELU,GELU,BiLSTM+LSTM,40,85.9,86.63,84.9,85.76,9,10,ELU+GELU,LSTM,False
ELU,SiLU,BiLSTM+LSTM,40,85.43,86.49,83.98,85.22,9,10,ELU+SiLU,LSTM,False
ELU,Mish,BiLSTM+LSTM,40,86.69,85.29,88.68,86.95,4,7,ELU+Mish,LSTM,False
ELU,SELU,BiLSTM+LSTM,40,86.86,88.35,84.92,86.6,9,10,ELU+SELU,LSTM,False
ELU,PReLU,BiLSTM+LSTM,40,86.56,86.59,86.52,86.55,7,10,ELU+PReLU,LSTM,False
ELU,Hardswish,BiLSTM+LSTM,40,87.81,86.83,89.14,87.97,6,9,ELU+Hardswish,LSTM,False
LeakyReLU,ReLU,BiLSTM+LSTM,40,87.55,89.7,84.84,87.2,7,10,LeakyReLU+ReLU,LSTM,False
LeakyReLU,ELU,BiLSTM+LSTM,40,86.86,87.57,85.92,86.74,7,10,LeakyReLU+ELU,LSTM,False
LeakyReLU,LeakyReLU,BiLSTM+LSTM,40,86.23,87.91,84.02,85.92,7,10,LeakyReLU+LeakyReLU,LSTM,False
LeakyReLU,Tanh,BiLSTM+LSTM,40,85.88,84.25,88.26,86.21,9,10,LeakyReLU+Tanh,LSTM,False
LeakyReLU,GELU,BiLSTM+LSTM,40,87.36,85.96,89.3,87.6,9,10,LeakyReLU+GELU,LSTM,False
LeakyReLU,SiLU,BiLSTM+LSTM,40,86.17,87.17,84.82,85.98,5,8,LeakyReLU+SiLU,LSTM,False
LeakyReLU,Mish,BiLSTM+LSTM,40,87.74,86.64,89.24,87.92,7,10,LeakyReLU+Mish,LSTM,False
LeakyReLU,SELU,BiLSTM+LSTM,40,86.89,86.06,88.04,87.04,7,10,LeakyReLU+SELU,LSTM,False
LeakyReLU,PReLU,BiLSTM+LSTM,40,86.62,87.09,85.98,86.53,7,10,LeakyReLU+PReLU,LSTM,False
LeakyReLU,Hardswish,BiLSTM+LSTM,40,86.13,85.86,86.5,86.18,9,10,LeakyReLU+Hardswish,LSTM,False
Tanh,ReLU,BiLSTM+LSTM,40,85.23,86.52,83.46,84.96,10,10,Tanh+ReLU,LSTM,False
Tanh,ELU,BiLSTM+LSTM,40,87.23,87.28,87.16,87.22,7,10,Tanh+ELU,LSTM,False
Tanh,LeakyReLU,BiLSTM+LSTM,40,87.44,87.17,87.8,87.49,7,10,Tanh+LeakyReLU,LSTM,False
Tanh,Tanh,BiLSTM+LSTM,40,85.87,86.08,85.58,85.83,10,10,Tanh+Tanh,LSTM,False
Tanh,GELU,BiLSTM+LSTM,40,85.48,83.69,88.14,85.86,7,10,Tanh+GELU,LSTM,False
Tanh,SiLU,BiLSTM+LSTM,40,87.5,86.59,88.74,87.65,7,10,Tanh+SiLU,LSTM,False
Tanh,Mish,BiLSTM+LSTM,40,86.43,86.82,85.9,86.36,8,10,Tanh+Mish,LSTM,False
Tanh,SELU,BiLSTM+LSTM,40,87.15,86.01,88.74,87.35,8,10,Tanh+SELU,LSTM,False
Tanh,PReLU,BiLSTM+LSTM,40,87.12,87.19,87.02,87.11,6,9,Tanh+PReLU,LSTM,False
Tanh,Hardswish,BiLSTM+LSTM,40,86.47,85.93,87.22,86.57,9,10,Tanh+Hardswish,LSTM,False
GELU,ReLU,BiLSTM+LSTM,40,87.06,85.79,88.84,87.29,8,10,GELU+ReLU,LSTM,False
GELU,ELU,BiLSTM+LSTM,40,86.43,88.16,84.16,86.11,7,10,GELU+ELU,LSTM,False
GELU,LeakyReLU,BiLSTM+LSTM,40,86.67,89.09,83.58,86.24,7,10,GELU+LeakyReLU,LSTM,False
GELU,Tanh,BiLSTM+LSTM,40,87.46,87.58,87.3,87.44,8,10,GELU+Tanh,LSTM,False
GELU,GELU,BiLSTM+LSTM,40,86.29,88.06,83.96,85.96,8,10,GELU+GELU,LSTM,False
GELU,SiLU,BiLSTM+LSTM,40,86.6,87.36,85.58,86.46,8,10,GELU+SiLU,LSTM,False
GELU,Mish,BiLSTM+LSTM,40,86.21,84.66,88.44,86.51,10,10,GELU+Mish,LSTM,False
GELU,SELU,BiLSTM+LSTM,40,87.57,87.13,88.16,87.64,6,9,GELU+SELU,LSTM,False
GELU,PReLU,BiLSTM+LSTM,40,86.91,87.89,85.62,86.74,9,10,GELU+PReLU,LSTM,False
GELU,Hardswish,BiLSTM+LSTM,40,86.61,87.11,85.94,86.52,7,10,GELU+Hardswish,LSTM,False
SiLU,ReLU,BiLSTM+LSTM,40,87.21,87.22,87.2,87.21,7,10,SiLU+ReLU,LSTM,False
SiLU,ELU,BiLSTM+LSTM,40,85.37,89.33,80.34,84.6,5,8,SiLU+ELU,LSTM,False
SiLU,LeakyReLU,BiLSTM+LSTM,40,86.75,88.35,84.66,86.47,8,10,SiLU+LeakyReLU,LSTM,False
SiLU,Tanh,BiLSTM+LSTM,40,86.23,85.46,87.32,86.38,7,10,SiLU+Tanh,LSTM,False
SiLU,GELU,BiLSTM+LSTM,40,86.76,83.52,91.6,87.37,6,9,SiLU+GELU,LSTM,False
SiLU,SiLU,BiLSTM+LSTM,40,87.13,88.7,85.1,86.86,5,8,SiLU+SiLU,LSTM,False
SiLU,Mish,BiLSTM+LSTM,40,86.07,87.98,83.56,85.71,7,10,SiLU+Mish,LSTM,False
SiLU,SELU,BiLSTM+LSTM,40,87.26,87.65,86.74,87.19,7,10,SiLU+SELU,LSTM,False
SiLU,PReLU,BiLSTM+LSTM,40,85.68,91.16,79.02,84.66,5,8,SiLU+PReLU,LSTM,False
SiLU,Hardswish,BiLSTM+LSTM,40,87.09,85.85,88.82,87.31,7,10,SiLU+Hardswish,LSTM,False
Mish,ReLU,BiLSTM+LSTM,40,86.44,90.65,81.26,85.7,5,8,Mish+ReLU,LSTM,False
Mish,ELU,BiLSTM+LSTM,40,86.58,84.97,88.88,86.88,8,10,Mish+ELU,LSTM,False
Mish,LeakyReLU,BiLSTM+LSTM,40,86.69,88.39,84.48,86.39,7,10,Mish+LeakyReLU,LSTM,False
Mish,Tanh,BiLSTM+LSTM,40,86.76,84.46,90.1,87.19,7,10,Mish+Tanh,LSTM,False
Mish,GELU,BiLSTM+LSTM,40,86.71,86.53,86.96,86.74,8,10,Mish+GELU,LSTM,False
Mish,SiLU,BiLSTM+LSTM,40,86.34,88.46,83.58,85.95,9,10,Mish+SiLU,LSTM,False
Mish,Mish,BiLSTM+LSTM,40,86.78,89.24,83.64,86.35,5,8,Mish+Mish,LSTM,False
Mish,SELU,BiLSTM+LSTM,40,85.62,89.7,80.48,84.84,9,10,Mish+SELU,LSTM,False
Mish,PReLU,BiLSTM+LSTM,40,86.5,85.77,87.52,86.64,6,9,Mish+PReLU,LSTM,False
Mish,Hardswish,BiLSTM+LSTM,40,85.65,86.27,84.8,85.53,9,10,Mish+Hardswish,LSTM,False
SELU,ReLU,BiLSTM+LSTM,40,85.99,87.42,84.08,85.72,5,8,SELU+ReLU,LSTM,False
SELU,ELU,BiLSTM+LSTM,40,87.57,89.64,84.96,87.24,7,10,SELU+ELU,LSTM,False
SELU,LeakyReLU,BiLSTM+LSTM,40,86.68,87.1,86.12,86.6,7,10,SELU+LeakyReLU,LSTM,False
SELU,Tanh,BiLSTM+LSTM,40,87.06,85.99,88.54,87.25,7,10,SELU+Tanh,LSTM,False
SELU,GELU,BiLSTM+LSTM,40,87.35,87.87,86.66,87.26,7,10,SELU+GELU,LSTM,False
SELU,SiLU,BiLSTM+LSTM,40,86.66,86.51,86.86,86.69,10,10,SELU+SiLU,LSTM,False
SELU,Mish,BiLSTM+LSTM,40,87.59,86.74,88.74,87.73,9,10,SELU+Mish,LSTM,False
SELU,SELU,BiLSTM+LSTM,40,86.54,86.51,86.58,86.55,9,10,SELU+SELU,LSTM,False
SELU,PReLU,BiLSTM+LSTM,40,86.56,86.06,87.26,86.65,7,10,SELU+PReLU,LSTM,False
SELU,Hardswish,BiLSTM+LSTM,40,86.35,84.32,89.3,86.74,8,10,SELU+Hardswish,LSTM,False
PReLU,ReLU,BiLSTM+LSTM,40,87.38,86.68,88.34,87.5,7,10,PReLU+ReLU,LSTM,False
PReLU,ELU,BiLSTM+LSTM,40,85.75,87.33,83.64,85.44,7,10,PReLU+ELU,LSTM,False
PReLU,LeakyReLU,BiLSTM+LSTM,40,86.13,85.24,87.4,86.3,9,10,PReLU+LeakyReLU,LSTM,False
PReLU,Tanh,BiLSTM+LSTM,40,87.0,88.88,84.58,86.68,4,7,PReLU+Tanh,LSTM,False
PReLU,GELU,BiLSTM+LSTM,40,87.01,87.79,85.98,86.87,7,10,PReLU+GELU,LSTM,False
PReLU,SiLU,BiLSTM+LSTM,40,86.99,85.99,88.38,87.17,8,10,PReLU+SiLU,LSTM,False
PReLU,Mish,BiLSTM+LSTM,40,86.93,84.24,90.86,87.42,6,9,PReLU+Mish,LSTM,False
PReLU,SELU,BiLSTM+LSTM,40,87.44,86.84,88.26,87.54,7,10,PReLU+SELU,LSTM,False
PReLU,PReLU,BiLSTM+LSTM,40,85.8,89.57,81.04,85.09,9,10,PReLU+PReLU,LSTM,False
PReLU,Hardswish,BiLSTM+LSTM,40,87.44,87.47,87.4,87.43,7,10,PReLU+Hardswish,LSTM,False
Hardswish,ReLU,BiLSTM+LSTM,40,86.23,88.65,83.1,85.79,8,10,Hardswish+ReLU,LSTM,False
Hardswish,ELU,BiLSTM+LSTM,40,86.37,90.05,81.78,85.71,4,7,Hardswish+ELU,LSTM,False
Hardswish,LeakyReLU,BiLSTM+LSTM,40,65.5,73.15,48.98,58.67,1,4,Hardswish+LeakyReLU,LSTM,False
Hardswish,Tanh,BiLSTM+LSTM,40,86.03,86.62,85.22,85.92,9,10,Hardswish+Tanh,LSTM,False
Hardswish,GELU,BiLSTM+LSTM,40,86.48,84.03,90.08,86.95,8,10,Hardswish+GELU,LSTM,False
Hardswish,SiLU,BiLSTM+LSTM,40,86.4,90.04,81.86,85.75,5,8,Hardswish+SiLU,LSTM,False
Hardswish,Mish,BiLSTM+LSTM,40,86.38,85.72,87.3,86.5,7,10,Hardswish+Mish,LSTM,False
Hardswish,SELU,BiLSTM+LSTM,40,86.17,87.67,84.18,85.89,8,10,Hardswish+SELU,LSTM,False
Hardswish,PReLU,BiLSTM+LSTM,40,86.48,84.98,88.62,86.76,7,10,Hardswish+PReLU,LSTM,False
Hardswish,Hardswish,BiLSTM+LSTM,40,85.64,87.48,83.18,85.28,7,10,Hardswish+Hardswish,LSTM,False
ReLU,ReLU,BiLSTM+LSTM,50,87.51,88.61,86.08,87.33,6,9,ReLU+ReLU,LSTM,False
ReLU,ELU,BiLSTM+LSTM,50,86.99,85.13,89.64,87.33,6,9,ReLU+ELU,LSTM,False
ReLU,LeakyReLU,BiLSTM+LSTM,50,86.45,86.71,86.1,86.4,7,10,ReLU+LeakyReLU,LSTM,False
ReLU,Tanh,BiLSTM+LSTM,50,87.35,87.75,86.82,87.28,6,9,ReLU+Tanh,LSTM,False
ReLU,GELU,BiLSTM+LSTM,50,87.18,84.83,90.56,87.6,6,9,ReLU+GELU,LSTM,False
ReLU,SiLU,BiLSTM+LSTM,50,86.7,86.47,87.02,86.74,7,10,ReLU+SiLU,LSTM,False
ReLU,Mish,BiLSTM+LSTM,50,86.79,84.03,90.84,87.3,6,9,ReLU+Mish,LSTM,False
ReLU,SELU,BiLSTM+LSTM,50,87.15,85.6,89.32,87.42,6,9,ReLU+SELU,LSTM,False
ReLU,PReLU,BiLSTM+LSTM,50,86.23,86.77,85.5,86.13,9,10,ReLU+PReLU,LSTM,False
ReLU,Hardswish,BiLSTM+LSTM,50,86.9,84.93,89.72,87.26,6,9,ReLU+Hardswish,LSTM,False
ELU,ReLU,BiLSTM+LSTM,50,87.55,86.66,88.76,87.7,6,9,ELU+ReLU,LSTM,False
ELU,ELU,BiLSTM+LSTM,50,86.09,82.97,90.82,86.72,7,10,ELU+ELU,LSTM,False
ELU,LeakyReLU,BiLSTM+LSTM,50,86.19,89.28,82.26,85.63,7,10,ELU+LeakyReLU,LSTM,False
ELU,Tanh,BiLSTM+LSTM,50,86.73,86.53,87.0,86.77,7,10,ELU+Tanh,LSTM,False
ELU,GELU,BiLSTM+LSTM,50,86.94,85.11,89.54,87.27,6,9,ELU+GELU,LSTM,False
ELU,SiLU,BiLSTM+LSTM,50,86.38,84.19,89.58,86.8,6,9,ELU+SiLU,LSTM,False
ELU,Mish,BiLSTM+LSTM,50,86.8,85.78,88.22,86.98,8,10,ELU+Mish,LSTM,False
ELU,SELU,BiLSTM+LSTM,50,85.73,84.28,87.84,86.02,6,9,ELU+SELU,LSTM,False
ELU,PReLU,BiLSTM+LSTM,50,86.77,86.06,87.76,86.9,8,10,ELU+PReLU,LSTM,False
ELU,Hardswish,BiLSTM+LSTM,50,86.58,85.93,87.48,86.7,7,10,ELU+Hardswish,LSTM,False
LeakyReLU,ReLU,BiLSTM+LSTM,50,87.88,87.85,87.92,87.88,6,9,LeakyReLU+ReLU,LSTM,False
LeakyReLU,ELU,BiLSTM+LSTM,50,87.05,85.76,88.86,87.28,6,9,LeakyReLU+ELU,LSTM,False
LeakyReLU,LeakyReLU,BiLSTM+LSTM,50,86.78,86.85,86.68,86.77,10,10,LeakyReLU+LeakyReLU,LSTM,False
LeakyReLU,Tanh,BiLSTM+LSTM,50,85.71,85.11,86.56,85.83,10,10,LeakyReLU+Tanh,LSTM,False
LeakyReLU,GELU,BiLSTM+LSTM,50,87.34,87.76,86.78,87.27,6,9,LeakyReLU+GELU,LSTM,False
LeakyReLU,SiLU,BiLSTM+LSTM,50,86.62,87.26,85.76,86.5,7,10,LeakyReLU+SiLU,LSTM,False
LeakyReLU,Mish,BiLSTM+LSTM,50,87.06,86.11,88.38,87.23,10,10,LeakyReLU+Mish,LSTM,False
LeakyReLU,SELU,BiLSTM+LSTM,50,86.14,86.45,85.72,86.08,7,10,LeakyReLU+SELU,LSTM,False
LeakyReLU,PReLU,BiLSTM+LSTM,50,87.35,86.05,89.16,87.57,6,9,LeakyReLU+PReLU,LSTM,False
LeakyReLU,Hardswish,BiLSTM+LSTM,50,86.24,83.95,89.62,86.69,6,9,LeakyReLU+Hardswish,LSTM,False
Tanh,ReLU,BiLSTM+LSTM,50,86.35,84.43,89.14,86.72,5,8,Tanh+ReLU,LSTM,False
Tanh,ELU,BiLSTM+LSTM,50,87.08,85.75,88.94,87.32,8,10,Tanh+ELU,LSTM,False
Tanh,LeakyReLU,BiLSTM+LSTM,50,86.55,86.69,86.36,86.52,7,10,Tanh+LeakyReLU,LSTM,False
Tanh,Tanh,BiLSTM+LSTM,50,85.36,88.17,81.68,84.8,10,10,Tanh+Tanh,LSTM,False
Tanh,GELU,BiLSTM+LSTM,50,86.85,85.92,88.14,87.02,7,10,Tanh+GELU,LSTM,False
Tanh,SiLU,BiLSTM+LSTM,50,87.08,86.83,87.42,87.12,8,10,Tanh+SiLU,LSTM,False
Tanh,Mish,BiLSTM+LSTM,50,86.07,86.03,86.12,86.08,7,10,Tanh+Mish,LSTM,False
Tanh,SELU,BiLSTM+LSTM,50,86.06,86.99,84.8,85.88,8,10,Tanh+SELU,LSTM,False
Tanh,PReLU,BiLSTM+LSTM,50,86.47,87.65,84.9,86.25,10,10,Tanh+PReLU,LSTM,False
Tanh,Hardswish,BiLSTM+LSTM,50,86.05,84.44,88.38,86.37,8,10,Tanh+Hardswish,LSTM,False
GELU,ReLU,BiLSTM+LSTM,50,86.65,89.74,82.76,86.11,4,7,GELU+ReLU,LSTM,False
GELU,ELU,BiLSTM+LSTM,50,86.66,87.44,85.62,86.52,7,10,GELU+ELU,LSTM,False
GELU,LeakyReLU,BiLSTM+LSTM,50,86.57,86.53,86.62,86.58,7,10,GELU+LeakyReLU,LSTM,False
GELU,Tanh,BiLSTM+LSTM,50,86.44,84.13,89.82,86.88,5,8,GELU+Tanh,LSTM,False
GELU,GELU,BiLSTM+LSTM,50,85.83,89.16,81.58,85.2,9,10,GELU+GELU,LSTM,False
GELU,SiLU,BiLSTM+LSTM,50,86.53,85.09,88.58,86.8,10,10,GELU+SiLU,LSTM,False
GELU,Mish,BiLSTM+LSTM,50,86.89,87.44,86.16,86.79,8,10,GELU+Mish,LSTM,False
GELU,SELU,BiLSTM+LSTM,50,86.06,83.76,89.46,86.52,7,10,GELU+SELU,LSTM,False
GELU,PReLU,BiLSTM+LSTM,50,87.15,89.77,83.86,86.71,10,10,GELU+PReLU,LSTM,False
GELU,Hardswish,BiLSTM+LSTM,50,87.29,87.97,86.4,87.18,6,9,GELU+Hardswish,LSTM,False
SiLU,ReLU,BiLSTM+LSTM,50,86.58,84.11,90.2,87.05,6,9,SiLU+ReLU,LSTM,False
SiLU,ELU,BiLSTM+LSTM,50,86.85,85.28,89.08,87.14,7,10,SiLU+ELU,LSTM,False
SiLU,LeakyReLU,BiLSTM+LSTM,50,86.65,88.31,84.48,86.35,10,10,SiLU+LeakyReLU,LSTM,False
SiLU,Tanh,BiLSTM+LSTM,50,87.02,85.56,89.08,87.28,5,8,SiLU+Tanh,LSTM,False
SiLU,GELU,BiLSTM+LSTM,50,86.86,84.38,90.46,87.32,7,10,SiLU+GELU,LSTM,False
SiLU,SiLU,BiLSTM+LSTM,50,87.02,86.21,88.14,87.16,8,10,SiLU+SiLU,LSTM,False
SiLU,Mish,BiLSTM+LSTM,50,86.26,89.16,82.56,85.73,10,10,SiLU+Mish,LSTM,False
SiLU,SELU,BiLSTM+LSTM,50,86.62,84.15,90.24,87.09,8,10,SiLU+SELU,LSTM,False
SiLU,PReLU,BiLSTM+LSTM,50,85.37,87.86,82.08,84.87,7,10,SiLU+PReLU,LSTM,False
SiLU,Hardswish,BiLSTM+LSTM,50,86.59,83.79,90.74,87.12,6,9,SiLU+Hardswish,LSTM,False
Mish,ReLU,BiLSTM+LSTM,50,85.52,81.82,91.34,86.32,6,9,Mish+ReLU,LSTM,False
Mish,ELU,BiLSTM+LSTM,50,86.54,86.75,86.26,86.5,8,10,Mish+ELU,LSTM,False
Mish,LeakyReLU,BiLSTM+LSTM,50,86.59,84.75,89.24,86.94,6,9,Mish+LeakyReLU,LSTM,False
Mish,Tanh,BiLSTM+LSTM,50,86.62,86.96,86.16,86.56,8,10,Mish+Tanh,LSTM,False
Mish,GELU,BiLSTM+LSTM,50,86.18,84.87,88.06,86.44,6,9,Mish+GELU,LSTM,False
Mish,SiLU,BiLSTM+LSTM,50,85.53,85.51,85.56,85.53,4,7,Mish+SiLU,LSTM,False
Mish,Mish,BiLSTM+LSTM,50,86.45,82.5,92.52,87.23,6,9,Mish+Mish,LSTM,False
Mish,SELU,BiLSTM+LSTM,50,83.09,86.2,78.8,82.33,9,10,Mish+SELU,LSTM,False
Mish,PReLU,BiLSTM+LSTM,50,85.67,84.07,88.02,86.0,10,10,Mish+PReLU,LSTM,False
Mish,Hardswish,BiLSTM+LSTM,50,86.27,87.49,84.64,86.04,10,10,Mish+Hardswish,LSTM,False
SELU,ReLU,BiLSTM+LSTM,50,84.94,85.41,84.28,84.84,9,10,SELU+ReLU,LSTM,False
SELU,ELU,BiLSTM+LSTM,50,86.66,88.28,84.54,86.37,5,8,SELU+ELU,LSTM,False
SELU,LeakyReLU,BiLSTM+LSTM,50,87.18,86.41,88.24,87.31,6,9,SELU+LeakyReLU,LSTM,False
SELU,Tanh,BiLSTM+LSTM,50,85.91,84.14,88.5,86.27,6,9,SELU+Tanh,LSTM,False
SELU,GELU,BiLSTM+LSTM,50,86.87,86.85,86.9,86.87,6,9,SELU+GELU,LSTM,False
SELU,SiLU,BiLSTM+LSTM,50,85.95,86.57,85.1,85.83,7,10,SELU+SiLU,LSTM,False
SELU,Mish,BiLSTM+LSTM,50,86.67,86.4,87.04,86.72,10,10,SELU+Mish,LSTM,False
SELU,SELU,BiLSTM+LSTM,50,86.02,85.12,87.3,86.2,7,10,SELU+SELU,LSTM,False
SELU,PReLU,BiLSTM+LSTM,50,86.59,88.33,84.32,86.28,10,10,SELU+PReLU,LSTM,False
SELU,Hardswish,BiLSTM+LSTM,50,86.55,86.38,86.78,86.58,6,9,SELU+Hardswish,LSTM,False
PReLU,ReLU,BiLSTM+LSTM,50,86.87,85.82,88.34,87.06,6,9,PReLU+ReLU,LSTM,False
PReLU,ELU,BiLSTM+LSTM,50,85.26,85.72,84.62,85.17,4,7,PReLU+ELU,LSTM,False
PReLU,LeakyReLU,BiLSTM+LSTM,50,86.61,85.83,87.7,86.75,5,8,PReLU+LeakyReLU,LSTM,False
PReLU,Tanh,BiLSTM+LSTM,50,86.66,87.69,85.3,86.48,7,10,PReLU+Tanh,LSTM,False
PReLU,GELU,BiLSTM+LSTM,50,85.35,85.74,84.8,85.27,8,10,PReLU+GELU,LSTM,False
PReLU,SiLU,BiLSTM+LSTM,50,85.41,88.08,81.9,84.88,7,10,PReLU+SiLU,LSTM,False
PReLU,Mish,BiLSTM+LSTM,50,87.36,86.76,88.18,87.46,6,9,PReLU+Mish,LSTM,False
PReLU,SELU,BiLSTM+LSTM,50,87.12,83.98,91.74,87.69,6,9,PReLU+SELU,LSTM,False
PReLU,PReLU,BiLSTM+LSTM,50,86.55,86.63,86.44,86.54,8,10,PReLU+PReLU,LSTM,False
PReLU,Hardswish,BiLSTM+LSTM,50,86.86,86.12,87.88,86.99,7,10,PReLU+Hardswish,LSTM,False
Hardswish,ReLU,BiLSTM+LSTM,50,86.68,85.01,89.06,86.99,5,8,Hardswish+ReLU,LSTM,False
Hardswish,ELU,BiLSTM+LSTM,50,86.97,86.5,87.62,87.05,7,10,Hardswish+ELU,LSTM,False
Hardswish,LeakyReLU,BiLSTM+LSTM,50,86.16,87.19,84.78,85.97,8,10,Hardswish+LeakyReLU,LSTM,False
Hardswish,Tanh,BiLSTM+LSTM,50,86.02,86.15,85.84,85.99,4,7,Hardswish+Tanh,LSTM,False
Hardswish,GELU,BiLSTM+LSTM,50,86.13,83.96,89.32,86.56,6,9,Hardswish+GELU,LSTM,False
Hardswish,SiLU,BiLSTM+LSTM,50,86.98,83.51,92.16,87.62,7,10,Hardswish+SiLU,LSTM,False
Hardswish,Mish,BiLSTM+LSTM,50,87.18,86.15,88.6,87.36,7,10,Hardswish+Mish,LSTM,False
Hardswish,SELU,BiLSTM+LSTM,50,86.53,85.27,88.32,86.77,7,10,Hardswish+SELU,LSTM,False
Hardswish,PReLU,BiLSTM+LSTM,50,85.05,86.02,83.7,84.85,4,7,Hardswish+PReLU,LSTM,False
Hardswish,Hardswish,BiLSTM+LSTM,50,86.8,85.88,88.08,86.97,7,10,Hardswish+Hardswish,LSTM,False
ReLU,ReLU,BiGRU+GRU,10,87.09,90.15,83.28,86.58,3,6,ReLU+ReLU,GRU,False
ReLU,ELU,BiGRU+GRU,10,86.45,91.58,80.28,85.56,3,6,ReLU+ELU,GRU,False
ReLU,LeakyReLU,BiGRU+GRU,10,87.93,87.59,88.38,87.98,4,7,ReLU+LeakyReLU,GRU,False
ReLU,Tanh,BiGRU+GRU,10,87.79,86.19,90.0,88.05,4,7,ReLU+Tanh,GRU,False
ReLU,GELU,BiGRU+GRU,10,87.52,86.2,89.34,87.74,4,7,ReLU+GELU,GRU,False
ReLU,SiLU,BiGRU+GRU,10,86.33,90.81,80.84,85.54,3,6,ReLU+SiLU,GRU,False
ReLU,Mish,BiGRU+GRU,10,86.17,90.07,81.3,85.46,3,6,ReLU+Mish,GRU,False
ReLU,SELU,BiGRU+GRU,10,87.67,88.37,86.76,87.56,4,7,ReLU+SELU,GRU,False
ReLU,PReLU,BiGRU+GRU,10,87.49,85.1,90.9,87.9,4,7,ReLU+PReLU,GRU,False
ReLU,Hardswish,BiGRU+GRU,10,86.81,90.91,81.8,86.11,3,6,ReLU+Hardswish,GRU,False
ELU,ReLU,BiGRU+GRU,10,86.32,90.54,81.12,85.57,3,6,ELU+ReLU,GRU,False
ELU,ELU,BiGRU+GRU,10,86.66,89.28,83.32,86.2,3,6,ELU+ELU,GRU,False
ELU,LeakyReLU,BiGRU+GRU,10,86.55,89.58,82.72,86.01,3,6,ELU+LeakyReLU,GRU,False
ELU,Tanh,BiGRU+GRU,10,87.39,89.6,84.6,87.03,3,6,ELU+Tanh,GRU,False
ELU,GELU,BiGRU+GRU,10,87.76,87.55,88.04,87.79,4,7,ELU+GELU,GRU,False
ELU,SiLU,BiGRU+GRU,10,87.38,85.79,89.6,87.65,4,7,ELU+SiLU,GRU,False
ELU,Mish,BiGRU+GRU,10,87.68,86.38,89.46,87.9,4,7,ELU+Mish,GRU,False
ELU,SELU,BiGRU+GRU,10,87.6,85.18,91.04,88.01,4,7,ELU+SELU,GRU,False
ELU,PReLU,BiGRU+GRU,10,87.96,87.78,88.2,87.99,4,7,ELU+PReLU,GRU,False
ELU,Hardswish,BiGRU+GRU,10,87.28,86.29,88.64,87.45,4,7,ELU+Hardswish,GRU,False
LeakyReLU,ReLU,BiGRU+GRU,10,87.61,86.34,89.36,87.82,4,7,LeakyReLU+ReLU,GRU,False
LeakyReLU,ELU,BiGRU+GRU,10,87.51,86.28,89.2,87.72,4,7,LeakyReLU+ELU,GRU,False
LeakyReLU,LeakyReLU,BiGRU+GRU,10,86.18,90.52,80.82,85.4,3,6,LeakyReLU+LeakyReLU,GRU,False
LeakyReLU,Tanh,BiGRU+GRU,10,86.7,90.42,82.1,86.06,3,6,LeakyReLU+Tanh,GRU,False
LeakyReLU,GELU,BiGRU+GRU,10,87.56,86.12,89.56,87.8,4,7,LeakyReLU+GELU,GRU,False
LeakyReLU,SiLU,BiGRU+GRU,10,87.03,89.27,84.18,86.65,3,6,LeakyReLU+SiLU,GRU,False
LeakyReLU,Mish,BiGRU+GRU,10,87.56,86.03,89.68,87.82,4,7,LeakyReLU+Mish,GRU,False
LeakyReLU,SELU,BiGRU+GRU,10,86.93,90.18,82.88,86.38,3,6,LeakyReLU+SELU,GRU,False
LeakyReLU,PReLU,BiGRU+GRU,10,87.53,86.66,88.72,87.68,4,7,LeakyReLU+PReLU,GRU,False
LeakyReLU,Hardswish,BiGRU+GRU,10,87.31,86.9,87.86,87.38,4,7,LeakyReLU+Hardswish,GRU,False
Tanh,ReLU,BiGRU+GRU,10,87.35,85.15,90.48,87.73,4,7,Tanh+ReLU,GRU,False
Tanh,ELU,BiGRU+GRU,10,87.53,86.98,88.28,87.62,4,7,Tanh+ELU,GRU,False
Tanh,LeakyReLU,BiGRU+GRU,10,87.56,87.88,87.14,87.51,4,7,Tanh+LeakyReLU,GRU,False
Tanh,Tanh,BiGRU+GRU,10,87.02,85.22,89.58,87.34,4,7,Tanh+Tanh,GRU,False
Tanh,GELU,BiGRU+GRU,10,87.47,85.01,90.98,87.89,4,7,Tanh+GELU,GRU,False
Tanh,SiLU,BiGRU+GRU,10,86.64,91.08,81.24,85.88,3,6,Tanh+SiLU,GRU,False
Tanh,Mish,BiGRU+GRU,10,87.58,86.87,88.54,87.7,4,7,Tanh+Mish,GRU,False
Tanh,SELU,BiGRU+GRU,10,86.86,84.81,89.8,87.24,4,7,Tanh+SELU,GRU,False
Tanh,PReLU,BiGRU+GRU,10,87.42,89.66,84.6,87.05,5,8,Tanh+PReLU,GRU,False
Tanh,Hardswish,BiGRU+GRU,10,87.52,85.62,90.18,87.84,4,7,Tanh+Hardswish,GRU,False
GELU,ReLU,BiGRU+GRU,10,87.44,86.22,89.12,87.65,4,7,GELU+ReLU,GRU,False
GELU,ELU,BiGRU+GRU,10,87.45,85.48,90.22,87.79,4,7,GELU+ELU,GRU,False
GELU,LeakyReLU,BiGRU+GRU,10,86.57,90.11,82.16,85.95,3,6,GELU+LeakyReLU,GRU,False
GELU,Tanh,BiGRU+GRU,10,87.44,85.4,90.32,87.79,4,7,GELU+Tanh,GRU,False
GELU,GELU,BiGRU+GRU,10,86.97,90.39,82.74,86.39,3,6,GELU+GELU,GRU,False
GELU,SiLU,BiGRU+GRU,10,87.25,84.18,91.74,87.8,4,7,GELU+SiLU,GRU,False
GELU,Mish,BiGRU+GRU,10,87.29,89.18,84.88,86.98,3,6,GELU+Mish,GRU,False
GELU,SELU,BiGRU+GRU,10,86.99,89.63,83.66,86.54,3,6,GELU+SELU,GRU,False
GELU,PReLU,BiGRU+GRU,10,86.89,89.93,83.08,86.37,3,6,GELU+PReLU,GRU,False
GELU,Hardswish,BiGRU+GRU,10,87.26,90.86,82.86,86.67,3,6,GELU+Hardswish,GRU,False
SiLU,ReLU,BiGRU+GRU,10,87.41,85.34,90.34,87.77,4,7,SiLU+ReLU,GRU,False
SiLU,ELU,BiGRU+GRU,10,87.34,90.34,83.62,86.85,3,6,SiLU+ELU,GRU,False
SiLU,LeakyReLU,BiGRU+GRU,10,87.54,85.18,90.9,87.95,4,7,SiLU+LeakyReLU,GRU,False
SiLU,Tanh,BiGRU+GRU,10,86.76,91.14,81.44,86.02,3,6,SiLU+Tanh,GRU,False
SiLU,GELU,BiGRU+GRU,10,87.79,86.81,89.12,87.95,4,7,SiLU+GELU,GRU,False
SiLU,SiLU,BiGRU+GRU,10,87.43,90.1,84.1,87.0,3,6,SiLU+SiLU,GRU,False
SiLU,Mish,BiGRU+GRU,10,87.29,83.76,92.52,87.92,4,7,SiLU+Mish,GRU,False
SiLU,SELU,BiGRU+GRU,10,87.36,84.5,91.5,87.86,4,7,SiLU+SELU,GRU,False
SiLU,PReLU,BiGRU+GRU,10,87.05,85.56,89.14,87.32,4,7,SiLU+PReLU,GRU,False
SiLU,Hardswish,BiGRU+GRU,10,87.18,84.97,90.34,87.57,4,7,SiLU+Hardswish,GRU,False
Mish,ReLU,BiGRU+GRU,10,87.86,87.34,88.56,87.94,4,7,Mish+ReLU,GRU,False
Mish,ELU,BiGRU+GRU,10,87.61,86.55,89.06,87.79,4,7,Mish+ELU,GRU,False
Mish,LeakyReLU,BiGRU+GRU,10,87.54,86.69,88.7,87.68,4,7,Mish+LeakyReLU,GRU,False
Mish,Tanh,BiGRU+GRU,10,86.82,83.73,91.4,87.4,4,7,Mish+Tanh,GRU,False
Mish,GELU,BiGRU+GRU,10,87.4,89.77,84.42,87.01,3,6,Mish+GELU,GRU,False
Mish,SiLU,BiGRU+GRU,10,87.42,87.86,86.84,87.35,4,7,Mish+SiLU,GRU,False
Mish,Mish,BiGRU+GRU,10,87.25,90.11,83.68,86.78,3,6,Mish+Mish,GRU,False
Mish,SELU,BiGRU+GRU,10,87.61,86.55,89.06,87.79,4,7,Mish+SELU,GRU,False
Mish,PReLU,BiGRU+GRU,10,87.82,87.14,88.74,87.93,4,7,Mish+PReLU,GRU,False
Mish,Hardswish,BiGRU+GRU,10,87.69,85.7,90.48,88.02,4,7,Mish+Hardswish,GRU,False
SELU,ReLU,BiGRU+GRU,10,87.46,86.83,88.32,87.57,4,7,SELU+ReLU,GRU,False
SELU,ELU,BiGRU+GRU,10,87.09,86.4,88.04,87.21,4,7,SELU+ELU,GRU,False
SELU,LeakyReLU,BiGRU+GRU,10,86.86,83.3,92.2,87.53,4,7,SELU+LeakyReLU,GRU,False
SELU,Tanh,BiGRU+GRU,10,87.47,86.06,89.42,87.71,4,7,SELU+Tanh,GRU,False
SELU,GELU,BiGRU+GRU,10,87.82,86.86,89.12,87.98,4,7,SELU+GELU,GRU,False
SELU,SiLU,BiGRU+GRU,10,87.6,85.15,91.08,88.02,4,7,SELU+SiLU,GRU,False
SELU,Mish,BiGRU+GRU,10,87.89,86.52,89.76,88.11,4,7,SELU+Mish,GRU,False
SELU,SELU,BiGRU+GRU,10,87.87,87.47,88.4,87.93,4,7,SELU+SELU,GRU,False
SELU,PReLU,BiGRU+GRU,10,86.89,90.74,82.16,86.24,3,6,SELU+PReLU,GRU,False
SELU,Hardswish,BiGRU+GRU,10,87.97,86.93,89.38,88.14,4,7,SELU+Hardswish,GRU,False
PReLU,ReLU,BiGRU+GRU,10,87.84,88.04,87.58,87.81,4,7,PReLU+ReLU,GRU,False
PReLU,ELU,BiGRU+GRU,10,87.75,88.26,87.08,87.67,4,7,PReLU+ELU,GRU,False
PReLU,LeakyReLU,BiGRU+GRU,10,86.66,90.39,82.04,86.01,3,6,PReLU+LeakyReLU,GRU,False
PReLU,Tanh,BiGRU+GRU,10,87.85,85.65,90.94,88.21,4,7,PReLU+Tanh,GRU,False
PReLU,GELU,BiGRU+GRU,10,87.87,86.13,90.28,88.16,4,7,PReLU+GELU,GRU,False
PReLU,SiLU,BiGRU+GRU,10,88.0,87.79,88.28,88.03,4,7,PReLU+SiLU,GRU,False
PReLU,Mish,BiGRU+GRU,10,87.53,86.18,89.4,87.76,4,7,PReLU+Mish,GRU,False
PReLU,SELU,BiGRU+GRU,10,88.01,86.33,90.32,88.28,4,7,PReLU+SELU,GRU,False
PReLU,PReLU,BiGRU+GRU,10,87.6,86.56,89.02,87.77,4,7,PReLU+PReLU,GRU,False
PReLU,Hardswish,BiGRU+GRU,10,87.95,87.33,88.78,88.05,4,7,PReLU+Hardswish,GRU,False
Hardswish,ReLU,BiGRU+GRU,10,87.53,86.44,89.02,87.71,4,7,Hardswish+ReLU,GRU,False
Hardswish,ELU,BiGRU+GRU,10,86.63,90.67,81.66,85.93,3,6,Hardswish+ELU,GRU,False
Hardswish,LeakyReLU,BiGRU+GRU,10,87.3,86.65,88.18,87.41,4,7,Hardswish+LeakyReLU,GRU,False
Hardswish,Tanh,BiGRU+GRU,10,87.74,89.39,85.64,87.48,3,6,Hardswish+Tanh,GRU,False
Hardswish,GELU,BiGRU+GRU,10,87.87,86.83,89.28,88.04,4,7,Hardswish+GELU,GRU,False
Hardswish,SiLU,BiGRU+GRU,10,86.82,90.62,82.14,86.17,3,6,Hardswish+SiLU,GRU,False
Hardswish,Mish,BiGRU+GRU,10,87.61,86.51,89.12,87.79,4,7,Hardswish+Mish,GRU,False
Hardswish,SELU,BiGRU+GRU,10,87.56,89.54,85.06,87.24,3,6,Hardswish+SELU,GRU,False
Hardswish,PReLU,BiGRU+GRU,10,87.64,85.92,90.04,87.93,4,7,Hardswish+PReLU,GRU,False
Hardswish,Hardswish,BiGRU+GRU,10,87.52,89.9,84.54,87.14,3,6,Hardswish+Hardswish,GRU,False
ReLU,ReLU,BiGRU+GRU,20,87.26,86.82,87.86,87.34,3,6,ReLU+ReLU,GRU,False
ReLU,ELU,BiGRU+GRU,20,86.79,86.49,87.2,86.84,3,6,ReLU+ELU,GRU,False
ReLU,LeakyReLU,BiGRU+GRU,20,87.92,87.98,87.84,87.91,3,6,ReLU+LeakyReLU,GRU,False
ReLU,Tanh,BiGRU+GRU,20,87.31,90.35,83.54,86.81,4,7,ReLU+Tanh,GRU,False
ReLU,GELU,BiGRU+GRU,20,87.61,87.19,88.18,87.68,3,6,ReLU+GELU,GRU,False
ReLU,SiLU,BiGRU+GRU,20,87.61,86.95,88.5,87.72,3,6,ReLU+SiLU,GRU,False
ReLU,Mish,BiGRU+GRU,20,87.96,88.19,87.66,87.92,4,7,ReLU+Mish,GRU,False
ReLU,SELU,BiGRU+GRU,20,87.47,86.32,89.06,87.67,3,6,ReLU+SELU,GRU,False
ReLU,PReLU,BiGRU+GRU,20,87.23,89.65,84.18,86.83,4,7,ReLU+PReLU,GRU,False
ReLU,Hardswish,BiGRU+GRU,20,87.59,89.02,85.76,87.36,3,6,ReLU+Hardswish,GRU,False
ELU,ReLU,BiGRU+GRU,20,87.59,86.17,89.56,87.83,3,6,ELU+ReLU,GRU,False
ELU,ELU,BiGRU+GRU,20,87.59,87.78,87.34,87.56,3,6,ELU+ELU,GRU,False
ELU,LeakyReLU,BiGRU+GRU,20,87.38,86.45,88.66,87.54,3,6,ELU+LeakyReLU,GRU,False
ELU,Tanh,BiGRU+GRU,20,87.14,90.13,83.42,86.64,3,6,ELU+Tanh,GRU,False
ELU,GELU,BiGRU+GRU,20,87.68,87.86,87.44,87.65,3,6,ELU+GELU,GRU,False
ELU,SiLU,BiGRU+GRU,20,87.65,88.5,86.54,87.51,3,6,ELU+SiLU,GRU,False
ELU,Mish,BiGRU+GRU,20,87.77,87.64,87.94,87.79,3,6,ELU+Mish,GRU,False
ELU,SELU,BiGRU+GRU,20,87.07,89.61,83.86,86.64,3,6,ELU+SELU,GRU,False
ELU,PReLU,BiGRU+GRU,20,87.87,87.79,87.98,87.88,4,7,ELU+PReLU,GRU,False
ELU,Hardswish,BiGRU+GRU,20,87.73,89.38,85.64,87.47,3,6,ELU+Hardswish,GRU,False
LeakyReLU,ReLU,BiGRU+GRU,20,87.69,87.34,88.16,87.75,3,6,LeakyReLU+ReLU,GRU,False
LeakyReLU,ELU,BiGRU+GRU,20,86.92,88.7,84.62,86.61,3,6,LeakyReLU+ELU,GRU,False
LeakyReLU,LeakyReLU,BiGRU+GRU,20,87.4,88.49,85.98,87.22,4,7,LeakyReLU+LeakyReLU,GRU,False
LeakyReLU,Tanh,BiGRU+GRU,20,87.13,86.71,87.7,87.2,3,6,LeakyReLU+Tanh,GRU,False
LeakyReLU,GELU,BiGRU+GRU,20,87.29,85.68,89.54,87.57,3,6,LeakyReLU+GELU,GRU,False
LeakyReLU,SiLU,BiGRU+GRU,20,87.34,87.3,87.4,87.35,3,6,LeakyReLU+SiLU,GRU,False
LeakyReLU,Mish,BiGRU+GRU,20,87.55,88.67,86.1,87.37,3,6,LeakyReLU+Mish,GRU,False
LeakyReLU,SELU,BiGRU+GRU,20,87.18,85.56,89.46,87.47,3,6,LeakyReLU+SELU,GRU,False
LeakyReLU,PReLU,BiGRU+GRU,20,87.69,88.03,87.24,87.63,3,6,LeakyReLU+PReLU,GRU,False
LeakyReLU,Hardswish,BiGRU+GRU,20,87.58,88.32,86.62,87.46,3,6,LeakyReLU+Hardswish,GRU,False
Tanh,ReLU,BiGRU+GRU,20,87.36,89.8,84.3,86.96,3,6,Tanh+ReLU,GRU,False
Tanh,ELU,BiGRU+GRU,20,87.35,87.0,87.82,87.41,3,6,Tanh+ELU,GRU,False
Tanh,LeakyReLU,BiGRU+GRU,20,87.74,85.56,90.8,88.1,3,6,Tanh+LeakyReLU,GRU,False
Tanh,Tanh,BiGRU+GRU,20,86.95,89.95,83.2,86.44,3,6,Tanh+Tanh,GRU,False
Tanh,GELU,BiGRU+GRU,20,87.67,88.32,86.82,87.56,3,6,Tanh+GELU,GRU,False
Tanh,SiLU,BiGRU+GRU,20,87.37,86.12,89.1,87.58,3,6,Tanh+SiLU,GRU,False
Tanh,Mish,BiGRU+GRU,20,87.44,88.92,85.54,87.2,3,6,Tanh+Mish,GRU,False
Tanh,SELU,BiGRU+GRU,20,87.49,88.15,86.62,87.38,3,6,Tanh+SELU,GRU,False
Tanh,PReLU,BiGRU+GRU,20,87.12,87.13,87.1,87.12,3,6,Tanh+PReLU,GRU,False
Tanh,Hardswish,BiGRU+GRU,20,87.7,87.65,87.76,87.71,3,6,Tanh+Hardswish,GRU,False
GELU,ReLU,BiGRU+GRU,20,87.44,88.2,86.44,87.31,3,6,GELU+ReLU,GRU,False
GELU,ELU,BiGRU+GRU,20,87.46,88.73,85.82,87.25,3,6,GELU+ELU,GRU,False
GELU,LeakyReLU,BiGRU+GRU,20,87.12,87.34,86.82,87.08,3,6,GELU+LeakyReLU,GRU,False
GELU,Tanh,BiGRU+GRU,20,87.26,89.89,83.96,86.83,3,6,GELU+Tanh,GRU,False
GELU,GELU,BiGRU+GRU,20,87.76,87.33,88.34,87.83,3,6,GELU+GELU,GRU,False
GELU,SiLU,BiGRU+GRU,20,87.6,88.34,86.64,87.48,3,6,GELU+SiLU,GRU,False
GELU,Mish,BiGRU+GRU,20,87.26,86.15,88.8,87.45,3,6,GELU+Mish,GRU,False
GELU,SELU,BiGRU+GRU,20,87.09,89.4,84.16,86.7,3,6,GELU+SELU,GRU,False
GELU,PReLU,BiGRU+GRU,20,87.63,90.79,83.76,87.13,3,6,GELU+PReLU,GRU,False
GELU,Hardswish,BiGRU+GRU,20,87.61,87.59,87.64,87.61,3,6,GELU+Hardswish,GRU,False
SiLU,ReLU,BiGRU+GRU,20,86.76,86.97,86.48,86.72,3,6,SiLU+ReLU,GRU,False
SiLU,ELU,BiGRU+GRU,20,87.48,89.35,85.1,87.17,3,6,SiLU+ELU,GRU,False
SiLU,LeakyReLU,BiGRU+GRU,20,87.72,86.21,89.8,87.97,3,6,SiLU+LeakyReLU,GRU,False
SiLU,Tanh,BiGRU+GRU,20,87.71,89.49,85.46,87.43,3,6,SiLU+Tanh,GRU,False
SiLU,GELU,BiGRU+GRU,20,87.56,87.85,87.18,87.51,3,6,SiLU+GELU,GRU,False
SiLU,SiLU,BiGRU+GRU,20,87.5,89.44,85.04,87.18,3,6,SiLU+SiLU,GRU,False
SiLU,Mish,BiGRU+GRU,20,87.41,86.27,88.98,87.6,3,6,SiLU+Mish,GRU,False
SiLU,SELU,BiGRU+GRU,20,87.8,89.23,85.98,87.57,3,6,SiLU+SELU,GRU,False
SiLU,PReLU,BiGRU+GRU,20,88.04,87.71,88.48,88.09,3,6,SiLU+PReLU,GRU,False
SiLU,Hardswish,BiGRU+GRU,20,87.9,87.54,88.38,87.96,3,6,SiLU+Hardswish,GRU,False
Mish,ReLU,BiGRU+GRU,20,87.51,85.96,89.66,87.77,3,6,Mish+ReLU,GRU,False
Mish,ELU,BiGRU+GRU,20,87.05,87.25,86.78,87.01,3,6,Mish+ELU,GRU,False
Mish,LeakyReLU,BiGRU+GRU,20,87.6,87.48,87.76,87.62,3,6,Mish+LeakyReLU,GRU,False
Mish,Tanh,BiGRU+GRU,20,87.36,89.11,85.12,87.07,3,6,Mish+Tanh,GRU,False
Mish,GELU,BiGRU+GRU,20,87.25,89.17,84.8,86.93,3,6,Mish+GELU,GRU,False
Mish,SiLU,BiGRU+GRU,20,87.27,88.61,85.54,87.05,3,6,Mish+SiLU,GRU,False
Mish,Mish,BiGRU+GRU,20,87.83,87.55,88.2,87.87,3,6,Mish+Mish,GRU,False
Mish,SELU,BiGRU+GRU,20,87.08,89.23,84.34,86.72,3,6,Mish+SELU,GRU,False
Mish,PReLU,BiGRU+GRU,20,87.41,90.08,84.08,86.98,3,6,Mish+PReLU,GRU,False
Mish,Hardswish,BiGRU+GRU,20,87.0,89.73,83.56,86.54,3,6,Mish+Hardswish,GRU,False
SELU,ReLU,BiGRU+GRU,20,87.34,88.23,86.18,87.19,3,6,SELU+ReLU,GRU,False
SELU,ELU,BiGRU+GRU,20,87.63,88.74,86.2,87.45,3,6,SELU+ELU,GRU,False
SELU,LeakyReLU,BiGRU+GRU,20,86.73,86.63,86.86,86.75,3,6,SELU+LeakyReLU,GRU,False
SELU,Tanh,BiGRU+GRU,20,87.56,86.21,89.42,87.79,3,6,SELU+Tanh,GRU,False
SELU,GELU,BiGRU+GRU,20,87.17,87.16,87.18,87.17,3,6,SELU+GELU,GRU,False
SELU,SiLU,BiGRU+GRU,20,87.69,87.74,87.62,87.68,3,6,SELU+SiLU,GRU,False
SELU,Mish,BiGRU+GRU,20,87.27,86.76,87.96,87.36,3,6,SELU+Mish,GRU,False
SELU,SELU,BiGRU+GRU,20,87.51,86.94,88.28,87.61,3,6,SELU+SELU,GRU,False
SELU,PReLU,BiGRU+GRU,20,87.42,90.45,83.68,86.93,3,6,SELU+PReLU,GRU,False
SELU,Hardswish,BiGRU+GRU,20,87.58,88.13,86.86,87.49,3,6,SELU+Hardswish,GRU,False
PReLU,ReLU,BiGRU+GRU,20,87.48,86.93,88.22,87.57,3,6,PReLU+ReLU,GRU,False
PReLU,ELU,BiGRU+GRU,20,87.25,89.37,84.56,86.9,4,7,PReLU+ELU,GRU,False
PReLU,LeakyReLU,BiGRU+GRU,20,87.68,88.56,86.54,87.54,3,6,PReLU+LeakyReLU,GRU,False
PReLU,Tanh,BiGRU+GRU,20,86.89,86.69,87.16,86.93,3,6,PReLU+Tanh,GRU,False
PReLU,GELU,BiGRU+GRU,20,87.76,87.85,87.64,87.75,3,6,PReLU+GELU,GRU,False
PReLU,SiLU,BiGRU+GRU,20,87.76,86.53,89.44,87.96,3,6,PReLU+SiLU,GRU,False
PReLU,Mish,BiGRU+GRU,20,87.4,88.02,86.58,87.3,3,6,PReLU+Mish,GRU,False
PReLU,SELU,BiGRU+GRU,20,87.45,87.59,87.26,87.43,3,6,PReLU+SELU,GRU,False
PReLU,PReLU,BiGRU+GRU,20,87.57,88.74,86.06,87.38,3,6,PReLU+PReLU,GRU,False
PReLU,Hardswish,BiGRU+GRU,20,87.07,86.36,88.04,87.19,3,6,PReLU+Hardswish,GRU,False
Hardswish,ReLU,BiGRU+GRU,20,87.82,88.5,86.94,87.71,3,6,Hardswish+ReLU,GRU,False
Hardswish,ELU,BiGRU+GRU,20,87.24,89.22,84.72,86.91,3,6,Hardswish+ELU,GRU,False
Hardswish,LeakyReLU,BiGRU+GRU,20,87.35,85.3,90.26,87.71,3,6,Hardswish+LeakyReLU,GRU,False
Hardswish,Tanh,BiGRU+GRU,20,87.61,88.81,86.06,87.41,3,6,Hardswish+Tanh,GRU,False
Hardswish,GELU,BiGRU+GRU,20,87.37,88.27,86.2,87.22,3,6,Hardswish+GELU,GRU,False
Hardswish,SiLU,BiGRU+GRU,20,87.41,88.09,86.52,87.3,3,6,Hardswish+SiLU,GRU,False
Hardswish,Mish,BiGRU+GRU,20,87.75,86.64,89.26,87.93,3,6,Hardswish+Mish,GRU,False
Hardswish,SELU,BiGRU+GRU,20,87.48,88.24,86.48,87.35,3,6,Hardswish+SELU,GRU,False
Hardswish,PReLU,BiGRU+GRU,20,87.56,86.28,89.32,87.78,3,6,Hardswish+PReLU,GRU,False
Hardswish,Hardswish,BiGRU+GRU,20,87.58,87.18,88.12,87.65,3,6,Hardswish+Hardswish,GRU,False
ReLU,ReLU,BiGRU+GRU,30,87.57,89.06,85.66,87.33,4,7,ReLU+ReLU,GRU,False
ReLU,ELU,BiGRU+GRU,30,87.92,87.72,88.18,87.95,4,7,ReLU+ELU,GRU,False
ReLU,LeakyReLU,BiGRU+GRU,30,87.84,89.5,85.74,87.58,4,7,ReLU+LeakyReLU,GRU,False
ReLU,Tanh,BiGRU+GRU,30,87.88,88.02,87.7,87.86,3,6,ReLU+Tanh,GRU,False
ReLU,GELU,BiGRU+GRU,30,87.94,88.43,87.3,87.86,3,6,ReLU+GELU,GRU,False
ReLU,SiLU,BiGRU+GRU,30,87.61,88.17,86.88,87.52,3,6,ReLU+SiLU,GRU,False
ReLU,Mish,BiGRU+GRU,30,87.67,88.96,86.02,87.46,3,6,ReLU+Mish,GRU,False
ReLU,SELU,BiGRU+GRU,30,85.82,91.32,79.16,84.81,3,6,ReLU+SELU,GRU,False
ReLU,PReLU,BiGRU+GRU,30,87.13,90.67,82.78,86.54,3,6,ReLU+PReLU,GRU,False
ReLU,Hardswish,BiGRU+GRU,30,87.9,89.02,86.46,87.72,3,6,ReLU+Hardswish,GRU,False
ELU,ReLU,BiGRU+GRU,30,86.84,89.84,83.08,86.33,4,7,ELU+ReLU,GRU,False
ELU,ELU,BiGRU+GRU,30,87.54,89.3,85.3,87.25,4,7,ELU+ELU,GRU,False
ELU,LeakyReLU,BiGRU+GRU,30,86.81,90.26,82.52,86.22,3,6,ELU+LeakyReLU,GRU,False
ELU,Tanh,BiGRU+GRU,30,87.26,90.0,83.84,86.81,3,6,ELU+Tanh,GRU,False
ELU,GELU,BiGRU+GRU,30,86.64,90.77,81.58,85.93,3,6,ELU+GELU,GRU,False
ELU,SiLU,BiGRU+GRU,30,87.45,89.55,84.8,87.11,3,6,ELU+SiLU,GRU,False
ELU,Mish,BiGRU+GRU,30,87.5,88.61,86.06,87.32,4,7,ELU+Mish,GRU,False
ELU,SELU,BiGRU+GRU,30,86.7,90.62,81.88,86.03,3,6,ELU+SELU,GRU,False
ELU,PReLU,BiGRU+GRU,30,86.96,85.69,88.74,87.19,2,5,ELU+PReLU,GRU,False
ELU,Hardswish,BiGRU+GRU,30,86.75,84.73,89.66,87.12,2,5,ELU+Hardswish,GRU,False
LeakyReLU,ReLU,BiGRU+GRU,30,87.89,89.33,86.06,87.66,4,7,LeakyReLU+ReLU,GRU,False
LeakyReLU,ELU,BiGRU+GRU,30,87.74,86.9,88.88,87.88,4,7,LeakyReLU+ELU,GRU,False
LeakyReLU,LeakyReLU,BiGRU+GRU,30,87.88,88.96,86.5,87.71,4,7,LeakyReLU+LeakyReLU,GRU,False
LeakyReLU,Tanh,BiGRU+GRU,30,88.2,89.04,87.12,88.07,4,7,LeakyReLU+Tanh,GRU,False
LeakyReLU,GELU,BiGRU+GRU,30,88.03,89.18,86.56,87.85,3,6,LeakyReLU+GELU,GRU,False
LeakyReLU,SiLU,BiGRU+GRU,30,87.72,88.74,86.4,87.56,4,7,LeakyReLU+SiLU,GRU,False
LeakyReLU,Mish,BiGRU+GRU,30,87.14,89.0,84.76,86.83,3,6,LeakyReLU+Mish,GRU,False
LeakyReLU,SELU,BiGRU+GRU,30,87.09,88.45,85.32,86.86,3,6,LeakyReLU+SELU,GRU,False
LeakyReLU,PReLU,BiGRU+GRU,30,86.88,90.47,82.44,86.27,4,7,LeakyReLU+PReLU,GRU,False
LeakyReLU,Hardswish,BiGRU+GRU,30,87.47,89.84,84.5,87.09,4,7,LeakyReLU+Hardswish,GRU,False
Tanh,ReLU,BiGRU+GRU,30,86.25,90.58,80.92,85.48,3,6,Tanh+ReLU,GRU,False
Tanh,ELU,BiGRU+GRU,30,87.28,88.8,85.32,87.03,4,7,Tanh+ELU,GRU,False
Tanh,LeakyReLU,BiGRU+GRU,30,87.85,89.73,85.48,87.56,4,7,Tanh+LeakyReLU,GRU,False
Tanh,Tanh,BiGRU+GRU,30,86.91,89.54,83.58,86.46,3,6,Tanh+Tanh,GRU,False
Tanh,GELU,BiGRU+GRU,30,88.1,89.25,86.64,87.92,4,7,Tanh+GELU,GRU,False
Tanh,SiLU,BiGRU+GRU,30,87.22,90.62,83.04,86.66,3,6,Tanh+SiLU,GRU,False
Tanh,Mish,BiGRU+GRU,30,86.89,91.02,81.86,86.2,3,6,Tanh+Mish,GRU,False
Tanh,SELU,BiGRU+GRU,30,87.17,90.11,83.5,86.68,4,7,Tanh+SELU,GRU,False
Tanh,PReLU,BiGRU+GRU,30,87.06,89.09,84.46,86.71,4,7,Tanh+PReLU,GRU,False
Tanh,Hardswish,BiGRU+GRU,30,87.02,90.45,82.78,86.45,3,6,Tanh+Hardswish,GRU,False
GELU,ReLU,BiGRU+GRU,30,87.06,89.7,83.74,86.62,3,6,GELU+ReLU,GRU,False
GELU,ELU,BiGRU+GRU,30,87.35,90.4,83.58,86.85,3,6,GELU+ELU,GRU,False
GELU,LeakyReLU,BiGRU+GRU,30,87.91,88.69,86.9,87.79,4,7,GELU+LeakyReLU,GRU,False
GELU,Tanh,BiGRU+GRU,30,88.01,88.37,87.54,87.95,4,7,GELU+Tanh,GRU,False
GELU,GELU,BiGRU+GRU,30,87.38,89.66,84.5,87.01,4,7,GELU+GELU,GRU,False
GELU,SiLU,BiGRU+GRU,30,87.4,88.4,86.1,87.23,4,7,GELU+SiLU,GRU,False
GELU,Mish,BiGRU+GRU,30,87.48,90.35,83.92,87.02,3,6,GELU+Mish,GRU,False
GELU,SELU,BiGRU+GRU,30,87.86,89.67,85.58,87.58,4,7,GELU+SELU,GRU,False
GELU,PReLU,BiGRU+GRU,30,87.94,88.39,87.36,87.87,4,7,GELU+PReLU,GRU,False
GELU,Hardswish,BiGRU+GRU,30,87.43,90.24,83.94,86.98,3,6,GELU+Hardswish,GRU,False
SiLU,ReLU,BiGRU+GRU,30,86.79,90.78,81.9,86.11,3,6,SiLU+ReLU,GRU,False
SiLU,ELU,BiGRU+GRU,30,87.73,87.29,88.32,87.8,4,7,SiLU+ELU,GRU,False
SiLU,LeakyReLU,BiGRU+GRU,30,87.52,90.33,84.04,87.07,4,7,SiLU+LeakyReLU,GRU,False
SiLU,Tanh,BiGRU+GRU,30,87.86,90.14,85.02,87.51,4,7,SiLU+Tanh,GRU,False
SiLU,GELU,BiGRU+GRU,30,87.43,90.33,83.84,86.96,4,7,SiLU+GELU,GRU,False
SiLU,SiLU,BiGRU+GRU,30,87.43,89.57,84.72,87.08,3,6,SiLU+SiLU,GRU,False
SiLU,Mish,BiGRU+GRU,30,86.73,84.48,90.0,87.15,2,5,SiLU+Mish,GRU,False
SiLU,SELU,BiGRU+GRU,30,87.66,89.46,85.38,87.37,4,7,SiLU+SELU,GRU,False
SiLU,PReLU,BiGRU+GRU,30,87.03,89.67,83.7,86.58,3,6,SiLU+PReLU,GRU,False
SiLU,Hardswish,BiGRU+GRU,30,87.35,90.01,84.02,86.91,4,7,SiLU+Hardswish,GRU,False
Mish,ReLU,BiGRU+GRU,30,86.86,90.45,82.42,86.25,4,7,Mish+ReLU,GRU,False
Mish,ELU,BiGRU+GRU,30,87.22,88.47,85.6,87.01,4,7,Mish+ELU,GRU,False
Mish,LeakyReLU,BiGRU+GRU,30,86.4,90.09,81.8,85.74,3,6,Mish+LeakyReLU,GRU,False
Mish,Tanh,BiGRU+GRU,30,87.3,89.73,84.24,86.9,3,6,Mish+Tanh,GRU,False
Mish,GELU,BiGRU+GRU,30,87.76,89.3,85.8,87.52,4,7,Mish+GELU,GRU,False
Mish,SiLU,BiGRU+GRU,30,87.28,90.03,83.84,86.83,3,6,Mish+SiLU,GRU,False
Mish,Mish,BiGRU+GRU,30,87.24,89.25,84.68,86.9,4,7,Mish+Mish,GRU,False
Mish,SELU,BiGRU+GRU,30,86.87,90.92,81.92,86.19,4,7,Mish+SELU,GRU,False
Mish,PReLU,BiGRU+GRU,30,87.71,89.03,86.02,87.5,4,7,Mish+PReLU,GRU,False
Mish,Hardswish,BiGRU+GRU,30,87.06,85.53,89.22,87.33,2,5,Mish+Hardswish,GRU,False
SELU,ReLU,BiGRU+GRU,30,87.42,89.21,85.14,87.13,4,7,SELU+ReLU,GRU,False
SELU,ELU,BiGRU+GRU,30,87.44,89.61,84.7,87.09,4,7,SELU+ELU,GRU,False
SELU,LeakyReLU,BiGRU+GRU,30,87.5,89.91,84.48,87.11,3,6,SELU+LeakyReLU,GRU,False
SELU,Tanh,BiGRU+GRU,30,87.52,90.05,84.36,87.11,4,7,SELU+Tanh,GRU,False
SELU,GELU,BiGRU+GRU,30,87.42,89.01,85.38,87.16,4,7,SELU+GELU,GRU,False
SELU,SiLU,BiGRU+GRU,30,86.97,91.03,82.02,86.29,3,6,SELU+SiLU,GRU,False
SELU,Mish,BiGRU+GRU,30,87.08,89.92,83.52,86.6,4,7,SELU+Mish,GRU,False
SELU,SELU,BiGRU+GRU,30,86.62,90.93,81.36,85.88,3,6,SELU+SELU,GRU,False
SELU,PReLU,BiGRU+GRU,30,86.94,89.57,83.62,86.49,4,7,SELU+PReLU,GRU,False
SELU,Hardswish,BiGRU+GRU,30,86.88,91.03,81.82,86.18,3,6,SELU+Hardswish,GRU,False
PReLU,ReLU,BiGRU+GRU,30,87.87,90.04,85.16,87.53,4,7,PReLU+ReLU,GRU,False
PReLU,ELU,BiGRU+GRU,30,87.64,88.57,86.44,87.49,4,7,PReLU+ELU,GRU,False
PReLU,LeakyReLU,BiGRU+GRU,30,87.69,89.78,85.06,87.36,4,7,PReLU+LeakyReLU,GRU,False
PReLU,Tanh,BiGRU+GRU,30,86.95,90.05,83.08,86.42,3,6,PReLU+Tanh,GRU,False
PReLU,GELU,BiGRU+GRU,30,87.21,90.02,83.7,86.74,3,6,PReLU+GELU,GRU,False
PReLU,SiLU,BiGRU+GRU,30,87.36,90.02,84.04,86.93,3,6,PReLU+SiLU,GRU,False
PReLU,Mish,BiGRU+GRU,30,87.53,90.26,84.14,87.09,3,6,PReLU+Mish,GRU,False
PReLU,SELU,BiGRU+GRU,30,86.83,90.22,82.62,86.25,3,6,PReLU+SELU,GRU,False
PReLU,PReLU,BiGRU+GRU,30,87.09,89.62,83.9,86.66,3,6,PReLU+PReLU,GRU,False
PReLU,Hardswish,BiGRU+GRU,30,87.8,88.94,86.34,87.62,3,6,PReLU+Hardswish,GRU,False
Hardswish,ReLU,BiGRU+GRU,30,87.09,90.86,82.48,86.47,4,7,Hardswish+ReLU,GRU,False
Hardswish,ELU,BiGRU+GRU,30,87.54,89.45,85.12,87.23,4,7,Hardswish+ELU,GRU,False
Hardswish,LeakyReLU,BiGRU+GRU,30,87.66,88.76,86.24,87.48,4,7,Hardswish+LeakyReLU,GRU,False
Hardswish,Tanh,BiGRU+GRU,30,87.06,90.62,82.68,86.47,3,6,Hardswish+Tanh,GRU,False
Hardswish,GELU,BiGRU+GRU,30,87.81,89.13,86.12,87.6,4,7,Hardswish+GELU,GRU,False
Hardswish,SiLU,BiGRU+GRU,30,87.14,90.65,82.82,86.56,3,6,Hardswish+SiLU,GRU,False
Hardswish,Mish,BiGRU+GRU,30,87.37,88.77,85.56,87.14,4,7,Hardswish+Mish,GRU,False
Hardswish,SELU,BiGRU+GRU,30,86.76,90.97,81.62,86.04,4,7,Hardswish+SELU,GRU,False
Hardswish,PReLU,BiGRU+GRU,30,87.22,89.46,84.38,86.85,4,7,Hardswish+PReLU,GRU,False
Hardswish,Hardswish,BiGRU+GRU,30,86.99,91.02,82.08,86.32,3,6,Hardswish+Hardswish,GRU,False
ReLU,ReLU,BiGRU+GRU,40,87.86,85.78,90.76,88.2,3,6,ReLU+ReLU,GRU,False
ReLU,ELU,BiGRU+GRU,40,87.9,86.32,90.08,88.16,3,6,ReLU+ELU,GRU,False
ReLU,LeakyReLU,BiGRU+GRU,40,87.82,86.62,89.46,88.02,3,6,ReLU+LeakyReLU,GRU,False
ReLU,Tanh,BiGRU+GRU,40,87.44,86.65,88.52,87.57,3,6,ReLU+Tanh,GRU,False
ReLU,GELU,BiGRU+GRU,40,87.8,87.44,88.28,87.86,3,6,ReLU+GELU,GRU,False
ReLU,SiLU,BiGRU+GRU,40,87.53,87.2,87.98,87.59,4,7,ReLU+SiLU,GRU,False
ReLU,Mish,BiGRU+GRU,40,87.56,87.65,87.44,87.55,4,7,ReLU+Mish,GRU,False
ReLU,SELU,BiGRU+GRU,40,87.65,87.81,87.44,87.62,4,7,ReLU+SELU,GRU,False
ReLU,PReLU,BiGRU+GRU,40,87.57,87.8,87.26,87.53,4,7,ReLU+PReLU,GRU,False
ReLU,Hardswish,BiGRU+GRU,40,87.59,86.04,89.74,87.85,3,6,ReLU+Hardswish,GRU,False
ELU,ReLU,BiGRU+GRU,40,87.98,87.43,88.72,88.07,4,7,ELU+ReLU,GRU,False
ELU,ELU,BiGRU+GRU,40,87.93,86.68,89.64,88.13,3,6,ELU+ELU,GRU,False
ELU,LeakyReLU,BiGRU+GRU,40,87.75,87.82,87.66,87.74,4,7,ELU+LeakyReLU,GRU,False
ELU,Tanh,BiGRU+GRU,40,87.73,87.93,87.46,87.7,3,6,ELU+Tanh,GRU,False
ELU,GELU,BiGRU+GRU,40,87.76,86.17,89.96,88.02,3,6,ELU+GELU,GRU,False
ELU,SiLU,BiGRU+GRU,40,88.07,87.66,88.62,88.14,3,6,ELU+SiLU,GRU,False
ELU,Mish,BiGRU+GRU,40,87.69,87.85,87.48,87.66,3,6,ELU+Mish,GRU,False
ELU,SELU,BiGRU+GRU,40,87.38,86.5,88.58,87.53,3,6,ELU+SELU,GRU,False
ELU,PReLU,BiGRU+GRU,40,87.68,86.12,89.84,87.94,3,6,ELU+PReLU,GRU,False
ELU,Hardswish,BiGRU+GRU,40,88.0,86.75,89.7,88.2,3,6,ELU+Hardswish,GRU,False
LeakyReLU,ReLU,BiGRU+GRU,40,87.31,89.08,85.04,87.02,4,7,LeakyReLU+ReLU,GRU,False
LeakyReLU,ELU,BiGRU+GRU,40,87.98,88.21,87.68,87.94,4,7,LeakyReLU+ELU,GRU,False
LeakyReLU,LeakyReLU,BiGRU+GRU,40,87.79,89.8,85.26,87.47,3,6,LeakyReLU+LeakyReLU,GRU,False
LeakyReLU,Tanh,BiGRU+GRU,40,87.46,85.7,89.92,87.76,3,6,LeakyReLU+Tanh,GRU,False
LeakyReLU,GELU,BiGRU+GRU,40,87.4,84.88,91.02,87.84,3,6,LeakyReLU+GELU,GRU,False
LeakyReLU,SiLU,BiGRU+GRU,40,88.11,87.95,88.32,88.13,4,7,LeakyReLU+SiLU,GRU,False
LeakyReLU,Mish,BiGRU+GRU,40,87.5,85.2,90.76,87.89,3,6,LeakyReLU+Mish,GRU,False
LeakyReLU,SELU,BiGRU+GRU,40,88.08,88.9,87.02,87.95,4,7,LeakyReLU+SELU,GRU,False
LeakyReLU,PReLU,BiGRU+GRU,40,87.76,87.91,87.56,87.74,3,6,LeakyReLU+PReLU,GRU,False
LeakyReLU,Hardswish,BiGRU+GRU,40,87.64,87.03,88.46,87.74,3,6,LeakyReLU+Hardswish,GRU,False
Tanh,ReLU,BiGRU+GRU,40,87.53,85.39,90.56,87.9,3,6,Tanh+ReLU,GRU,False
Tanh,ELU,BiGRU+GRU,40,87.45,87.55,87.32,87.43,3,6,Tanh+ELU,GRU,False
Tanh,LeakyReLU,BiGRU+GRU,40,87.13,83.88,91.92,87.72,3,6,Tanh+LeakyReLU,GRU,False
Tanh,Tanh,BiGRU+GRU,40,87.53,85.76,90.0,87.83,3,6,Tanh+Tanh,GRU,False
Tanh,GELU,BiGRU+GRU,40,87.9,87.66,88.22,87.94,3,6,Tanh+GELU,GRU,False
Tanh,SiLU,BiGRU+GRU,40,87.65,86.75,88.88,87.8,3,6,Tanh+SiLU,GRU,False
Tanh,Mish,BiGRU+GRU,40,87.81,87.71,87.94,87.83,3,6,Tanh+Mish,GRU,False
Tanh,SELU,BiGRU+GRU,40,87.39,84.79,91.12,87.84,3,6,Tanh+SELU,GRU,False
Tanh,PReLU,BiGRU+GRU,40,87.56,89.11,85.58,87.31,4,7,Tanh+PReLU,GRU,False
Tanh,Hardswish,BiGRU+GRU,40,87.84,86.57,89.58,88.05,3,6,Tanh+Hardswish,GRU,False
GELU,ReLU,BiGRU+GRU,40,87.42,87.03,87.94,87.49,3,6,GELU+ReLU,GRU,False
GELU,ELU,BiGRU+GRU,40,88.09,88.81,87.16,87.98,3,6,GELU+ELU,GRU,False
GELU,LeakyReLU,BiGRU+GRU,40,87.73,87.75,87.7,87.73,3,6,GELU+LeakyReLU,GRU,False
GELU,Tanh,BiGRU+GRU,40,87.69,86.21,89.74,87.94,3,6,GELU+Tanh,GRU,False
GELU,GELU,BiGRU+GRU,40,87.96,87.48,88.6,88.04,3,6,GELU+GELU,GRU,False
GELU,SiLU,BiGRU+GRU,40,87.33,86.14,88.98,87.54,3,6,GELU+SiLU,GRU,False
GELU,Mish,BiGRU+GRU,40,87.7,86.26,89.68,87.94,3,6,GELU+Mish,GRU,False
GELU,SELU,BiGRU+GRU,40,87.44,88.52,86.04,87.26,4,7,GELU+SELU,GRU,False
GELU,PReLU,BiGRU+GRU,40,87.56,87.62,87.48,87.55,3,6,GELU+PReLU,GRU,False
GELU,Hardswish,BiGRU+GRU,40,87.91,87.59,88.34,87.96,3,6,GELU+Hardswish,GRU,False
SiLU,ReLU,BiGRU+GRU,40,87.75,86.26,89.8,88.0,3,6,SiLU+ReLU,GRU,False
SiLU,ELU,BiGRU+GRU,40,88.16,86.69,90.16,88.39,3,6,SiLU+ELU,GRU,False
SiLU,LeakyReLU,BiGRU+GRU,40,87.58,86.26,89.4,87.8,3,6,SiLU+LeakyReLU,GRU,False
SiLU,Tanh,BiGRU+GRU,40,87.67,88.49,86.6,87.54,3,6,SiLU+Tanh,GRU,False
SiLU,GELU,BiGRU+GRU,40,87.77,87.64,87.94,87.79,3,6,SiLU+GELU,GRU,False
SiLU,SiLU,BiGRU+GRU,40,87.94,87.91,87.98,87.94,3,6,SiLU+SiLU,GRU,False
SiLU,Mish,BiGRU+GRU,40,87.58,86.9,88.5,87.69,3,6,SiLU+Mish,GRU,False
SiLU,SELU,BiGRU+GRU,40,87.91,87.54,88.4,87.97,3,6,SiLU+SELU,GRU,False
SiLU,PReLU,BiGRU+GRU,40,88.05,87.7,88.52,88.11,3,6,SiLU+PReLU,GRU,False
SiLU,Hardswish,BiGRU+GRU,40,87.94,87.24,88.88,88.05,3,6,SiLU+Hardswish,GRU,False
Mish,ReLU,BiGRU+GRU,40,87.7,89.68,85.2,87.38,4,7,Mish+ReLU,GRU,False
Mish,ELU,BiGRU+GRU,40,87.67,85.54,90.66,88.03,3,6,Mish+ELU,GRU,False
Mish,LeakyReLU,BiGRU+GRU,40,87.76,86.14,90.0,88.03,3,6,Mish+LeakyReLU,GRU,False
Mish,Tanh,BiGRU+GRU,40,87.62,85.49,90.62,87.98,3,6,Mish+Tanh,GRU,False
Mish,GELU,BiGRU+GRU,40,87.67,87.45,87.96,87.71,3,6,Mish+GELU,GRU,False
Mish,SiLU,BiGRU+GRU,40,87.92,86.2,90.3,88.2,3,6,Mish+SiLU,GRU,False
Mish,Mish,BiGRU+GRU,40,87.78,87.07,88.74,87.9,3,6,Mish+Mish,GRU,False
Mish,SELU,BiGRU+GRU,40,88.18,87.24,89.44,88.33,4,7,Mish+SELU,GRU,False
Mish,PReLU,BiGRU+GRU,40,87.57,87.96,87.06,87.51,3,6,Mish+PReLU,GRU,False
Mish,Hardswish,BiGRU+GRU,40,87.95,86.43,90.04,88.2,3,6,Mish+Hardswish,GRU,False
SELU,ReLU,BiGRU+GRU,40,87.84,86.68,89.42,88.03,4,7,SELU+ReLU,GRU,False
SELU,ELU,BiGRU+GRU,40,87.73,86.41,89.54,87.95,3,6,SELU+ELU,GRU,False
SELU,LeakyReLU,BiGRU+GRU,40,87.15,90.25,83.3,86.64,4,7,SELU+LeakyReLU,GRU,False
SELU,Tanh,BiGRU+GRU,40,88.21,87.62,89.0,88.3,4,7,SELU+Tanh,GRU,False
SELU,GELU,BiGRU+GRU,40,87.17,84.4,91.2,87.67,3,6,SELU+GELU,GRU,False
SELU,SiLU,BiGRU+GRU,40,87.68,86.11,89.86,87.94,3,6,SELU+SiLU,GRU,False
SELU,Mish,BiGRU+GRU,40,87.48,85.78,89.86,87.77,3,6,SELU+Mish,GRU,False
SELU,SELU,BiGRU+GRU,40,88.12,87.76,88.6,88.18,4,7,SELU+SELU,GRU,False
SELU,PReLU,BiGRU+GRU,40,87.61,85.5,90.58,87.97,3,6,SELU+PReLU,GRU,False
SELU,Hardswish,BiGRU+GRU,40,87.87,85.73,90.86,88.22,3,6,SELU+Hardswish,GRU,False
PReLU,ReLU,BiGRU+GRU,40,87.8,86.74,89.24,87.97,3,6,PReLU+ReLU,GRU,False
PReLU,ELU,BiGRU+GRU,40,87.54,87.62,87.44,87.53,3,6,PReLU+ELU,GRU,False
PReLU,LeakyReLU,BiGRU+GRU,40,87.38,87.34,87.44,87.39,3,6,PReLU+LeakyReLU,GRU,False
PReLU,Tanh,BiGRU+GRU,40,88.07,89.01,86.86,87.92,4,7,PReLU+Tanh,GRU,False
PReLU,GELU,BiGRU+GRU,40,87.89,86.48,89.82,88.12,3,6,PReLU+GELU,GRU,False
PReLU,SiLU,BiGRU+GRU,40,87.73,86.93,88.82,87.86,3,6,PReLU+SiLU,GRU,False
PReLU,Mish,BiGRU+GRU,40,87.56,88.58,86.24,87.39,3,6,PReLU+Mish,GRU,False
PReLU,SELU,BiGRU+GRU,40,87.61,88.12,86.94,87.53,4,7,PReLU+SELU,GRU,False
PReLU,PReLU,BiGRU+GRU,40,88.22,86.92,89.98,88.42,3,6,PReLU+PReLU,GRU,False
PReLU,Hardswish,BiGRU+GRU,40,87.6,87.27,88.04,87.65,3,6,PReLU+Hardswish,GRU,False
Hardswish,ReLU,BiGRU+GRU,40,87.86,87.13,88.84,87.98,3,6,Hardswish+ReLU,GRU,False
Hardswish,ELU,BiGRU+GRU,40,87.62,85.52,90.58,87.98,3,6,Hardswish+ELU,GRU,False
Hardswish,LeakyReLU,BiGRU+GRU,40,87.83,86.86,89.14,87.99,3,6,Hardswish+LeakyReLU,GRU,False
Hardswish,Tanh,BiGRU+GRU,40,87.68,87.06,88.52,87.78,3,6,Hardswish+Tanh,GRU,False
Hardswish,GELU,BiGRU+GRU,40,87.24,87.69,86.64,87.16,3,6,Hardswish+GELU,GRU,False
Hardswish,SiLU,BiGRU+GRU,40,87.84,87.78,87.92,87.85,3,6,Hardswish+SiLU,GRU,False
Hardswish,Mish,BiGRU+GRU,40,87.81,87.61,88.08,87.84,3,6,Hardswish+Mish,GRU,False
Hardswish,SELU,BiGRU+GRU,40,87.72,86.95,88.76,87.85,3,6,Hardswish+SELU,GRU,False
Hardswish,PReLU,BiGRU+GRU,40,87.26,87.94,86.36,87.14,3,6,Hardswish+PReLU,GRU,False
Hardswish,Hardswish,BiGRU+GRU,40,87.86,87.38,88.5,87.94,3,6,Hardswish+Hardswish,GRU,False
ReLU,ReLU,BiGRU+GRU,50,87.66,88.81,86.18,87.47,3,6,ReLU+ReLU,GRU,False
ReLU,ELU,BiGRU+GRU,50,87.55,88.32,86.54,87.42,3,6,ReLU+ELU,GRU,False
ReLU,LeakyReLU,BiGRU+GRU,50,87.52,87.69,87.3,87.49,3,6,ReLU+LeakyReLU,GRU,False
ReLU,Tanh,BiGRU+GRU,50,87.59,86.87,88.56,87.71,3,6,ReLU+Tanh,GRU,False
ReLU,GELU,BiGRU+GRU,50,87.48,86.59,88.7,87.63,3,6,ReLU+GELU,GRU,False
ReLU,SiLU,BiGRU+GRU,50,87.44,86.38,88.9,87.62,3,6,ReLU+SiLU,GRU,False
ReLU,Mish,BiGRU+GRU,50,87.58,85.51,90.5,87.93,3,6,ReLU+Mish,GRU,False
ReLU,SELU,BiGRU+GRU,50,87.32,87.88,86.58,87.23,4,7,ReLU+SELU,GRU,False
ReLU,PReLU,BiGRU+GRU,50,87.13,87.76,86.3,87.02,3,6,ReLU+PReLU,GRU,False
ReLU,Hardswish,BiGRU+GRU,50,87.5,86.22,89.26,87.72,3,6,ReLU+Hardswish,GRU,False
ELU,ReLU,BiGRU+GRU,50,87.36,85.91,89.38,87.61,3,6,ELU+ReLU,GRU,False
ELU,ELU,BiGRU+GRU,50,87.58,87.72,87.4,87.56,3,6,ELU+ELU,GRU,False
ELU,LeakyReLU,BiGRU+GRU,50,87.56,87.2,88.04,87.62,3,6,ELU+LeakyReLU,GRU,False
ELU,Tanh,BiGRU+GRU,50,87.62,87.74,87.46,87.6,3,6,ELU+Tanh,GRU,False
ELU,GELU,BiGRU+GRU,50,87.75,87.71,87.8,87.76,3,6,ELU+GELU,GRU,False
ELU,SiLU,BiGRU+GRU,50,87.58,87.34,87.9,87.62,3,6,ELU+SiLU,GRU,False
ELU,Mish,BiGRU+GRU,50,87.37,87.45,87.26,87.36,3,6,ELU+Mish,GRU,False
ELU,SELU,BiGRU+GRU,50,87.25,88.43,85.72,87.05,5,8,ELU+SELU,GRU,False
ELU,PReLU,BiGRU+GRU,50,87.5,87.47,87.54,87.5,3,6,ELU+PReLU,GRU,False
ELU,Hardswish,BiGRU+GRU,50,87.79,87.2,88.58,87.89,3,6,ELU+Hardswish,GRU,False
LeakyReLU,ReLU,BiGRU+GRU,50,87.3,86.93,87.8,87.36,3,6,LeakyReLU+ReLU,GRU,False
LeakyReLU,ELU,BiGRU+GRU,50,87.2,86.34,88.38,87.35,3,6,LeakyReLU+ELU,GRU,False
LeakyReLU,LeakyReLU,BiGRU+GRU,50,87.77,85.99,90.24,88.06,3,6,LeakyReLU+LeakyReLU,GRU,False
LeakyReLU,Tanh,BiGRU+GRU,50,87.45,85.38,90.38,87.81,3,6,LeakyReLU+Tanh,GRU,False
LeakyReLU,GELU,BiGRU+GRU,50,87.72,87.42,88.12,87.77,3,6,LeakyReLU+GELU,GRU,False
LeakyReLU,SiLU,BiGRU+GRU,50,87.81,87.71,87.94,87.83,3,6,LeakyReLU+SiLU,GRU,False
LeakyReLU,Mish,BiGRU+GRU,50,87.62,88.31,86.72,87.51,3,6,LeakyReLU+Mish,GRU,False
LeakyReLU,SELU,BiGRU+GRU,50,87.12,85.69,89.12,87.37,3,6,LeakyReLU+SELU,GRU,False
LeakyReLU,PReLU,BiGRU+GRU,50,87.43,87.01,88.0,87.5,3,6,LeakyReLU+PReLU,GRU,False
LeakyReLU,Hardswish,BiGRU+GRU,50,87.53,87.27,87.88,87.57,3,6,LeakyReLU+Hardswish,GRU,False
Tanh,ReLU,BiGRU+GRU,50,87.09,85.73,89.0,87.33,3,6,Tanh+ReLU,GRU,False
Tanh,ELU,BiGRU+GRU,50,87.16,85.92,88.88,87.38,3,6,Tanh+ELU,GRU,False
Tanh,LeakyReLU,BiGRU+GRU,50,87.87,87.12,88.88,87.99,3,6,Tanh+LeakyReLU,GRU,False
Tanh,Tanh,BiGRU+GRU,50,87.34,87.28,87.42,87.35,3,6,Tanh+Tanh,GRU,False
Tanh,GELU,BiGRU+GRU,50,87.42,87.27,87.62,87.45,3,6,Tanh+GELU,GRU,False
Tanh,SiLU,BiGRU+GRU,50,87.78,87.96,87.54,87.75,3,6,Tanh+SiLU,GRU,False
Tanh,Mish,BiGRU+GRU,50,87.54,88.1,86.8,87.45,3,6,Tanh+Mish,GRU,False
Tanh,SELU,BiGRU+GRU,50,87.12,86.51,87.96,87.23,3,6,Tanh+SELU,GRU,False
Tanh,PReLU,BiGRU+GRU,50,87.47,86.27,89.12,87.67,3,6,Tanh+PReLU,GRU,False
Tanh,Hardswish,BiGRU+GRU,50,87.43,88.88,85.56,87.19,3,6,Tanh+Hardswish,GRU,False
GELU,ReLU,BiGRU+GRU,50,87.55,88.23,86.66,87.44,3,6,GELU+ReLU,GRU,False
GELU,ELU,BiGRU+GRU,50,87.15,85.59,89.34,87.43,3,6,GELU+ELU,GRU,False
GELU,LeakyReLU,BiGRU+GRU,50,87.66,86.72,88.94,87.82,3,6,GELU+LeakyReLU,GRU,False
GELU,Tanh,BiGRU+GRU,50,87.59,86.18,89.54,87.83,3,6,GELU+Tanh,GRU,False
GELU,GELU,BiGRU+GRU,50,87.78,87.0,88.84,87.91,3,6,GELU+GELU,GRU,False
GELU,SiLU,BiGRU+GRU,50,87.58,87.66,87.48,87.57,3,6,GELU+SiLU,GRU,False
GELU,Mish,BiGRU+GRU,50,87.89,87.75,88.08,87.91,3,6,GELU+Mish,GRU,False
GELU,SELU,BiGRU+GRU,50,87.88,87.12,88.9,88.0,3,6,GELU+SELU,GRU,False
GELU,PReLU,BiGRU+GRU,50,87.81,87.89,87.7,87.8,3,6,GELU+PReLU,GRU,False
GELU,Hardswish,BiGRU+GRU,50,87.73,86.54,89.36,87.93,3,6,GELU+Hardswish,GRU,False
SiLU,ReLU,BiGRU+GRU,50,87.46,86.78,88.38,87.57,3,6,SiLU+ReLU,GRU,False
SiLU,ELU,BiGRU+GRU,50,87.42,86.74,88.34,87.53,3,6,SiLU+ELU,GRU,False
SiLU,LeakyReLU,BiGRU+GRU,50,87.24,88.65,85.42,87.0,3,6,SiLU+LeakyReLU,GRU,False
SiLU,Tanh,BiGRU+GRU,50,87.53,85.97,89.7,87.79,3,6,SiLU+Tanh,GRU,False
SiLU,GELU,BiGRU+GRU,50,87.86,87.35,88.54,87.94,3,6,SiLU+GELU,GRU,False
SiLU,SiLU,BiGRU+GRU,50,87.69,87.16,88.4,87.78,3,6,SiLU+SiLU,GRU,False
SiLU,Mish,BiGRU+GRU,50,87.72,87.69,87.76,87.72,3,6,SiLU+Mish,GRU,False
SiLU,SELU,BiGRU+GRU,50,87.3,87.09,87.58,87.34,3,6,SiLU+SELU,GRU,False
SiLU,PReLU,BiGRU+GRU,50,87.55,85.66,90.2,87.87,3,6,SiLU+PReLU,GRU,False
SiLU,Hardswish,BiGRU+GRU,50,87.58,86.71,88.76,87.72,3,6,SiLU+Hardswish,GRU,False
Mish,ReLU,BiGRU+GRU,50,87.64,88.13,87.0,87.56,3,6,Mish+ReLU,GRU,False
Mish,ELU,BiGRU+GRU,50,87.54,87.21,87.98,87.59,3,6,Mish+ELU,GRU,False
Mish,LeakyReLU,BiGRU+GRU,50,87.15,87.41,86.8,87.1,3,6,Mish+LeakyReLU,GRU,False
Mish,Tanh,BiGRU+GRU,50,87.61,87.44,87.84,87.64,3,6,Mish+Tanh,GRU,False
Mish,GELU,BiGRU+GRU,50,87.67,87.14,88.38,87.76,3,6,Mish+GELU,GRU,False
Mish,SiLU,BiGRU+GRU,50,87.71,87.3,88.26,87.78,3,6,Mish+SiLU,GRU,False
Mish,Mish,BiGRU+GRU,50,87.78,86.65,89.32,87.97,3,6,Mish+Mish,GRU,False
Mish,SELU,BiGRU+GRU,50,87.42,86.51,88.66,87.57,3,6,Mish+SELU,GRU,False
Mish,PReLU,BiGRU+GRU,50,87.34,87.55,87.06,87.3,3,6,Mish+PReLU,GRU,False
Mish,Hardswish,BiGRU+GRU,50,87.66,86.99,88.56,87.77,3,6,Mish+Hardswish,GRU,False
SELU,ReLU,BiGRU+GRU,50,86.95,86.56,87.48,87.02,3,6,SELU+ReLU,GRU,False
SELU,ELU,BiGRU+GRU,50,87.83,87.15,88.74,87.94,3,6,SELU+ELU,GRU,False
SELU,LeakyReLU,BiGRU+GRU,50,87.38,89.46,84.74,87.04,3,6,SELU+LeakyReLU,GRU,False
SELU,Tanh,BiGRU+GRU,50,87.6,88.59,86.32,87.44,3,6,SELU+Tanh,GRU,False
SELU,GELU,BiGRU+GRU,50,87.88,86.37,89.96,88.13,3,6,SELU+GELU,GRU,False
SELU,SiLU,BiGRU+GRU,50,87.71,87.15,88.46,87.8,3,6,SELU+SiLU,GRU,False
SELU,Mish,BiGRU+GRU,50,87.59,86.32,89.34,87.8,3,6,SELU+Mish,GRU,False
SELU,SELU,BiGRU+GRU,50,87.27,86.82,87.88,87.35,3,6,SELU+SELU,GRU,False
SELU,PReLU,BiGRU+GRU,50,87.4,86.71,88.34,87.52,3,6,SELU+PReLU,GRU,False
SELU,Hardswish,BiGRU+GRU,50,87.76,87.17,88.56,87.86,3,6,SELU+Hardswish,GRU,False
PReLU,ReLU,BiGRU+GRU,50,87.57,88.33,86.58,87.45,3,6,PReLU+ReLU,GRU,False
PReLU,ELU,BiGRU+GRU,50,87.48,87.05,88.06,87.55,3,6,PReLU+ELU,GRU,False
PReLU,LeakyReLU,BiGRU+GRU,50,87.63,88.33,86.72,87.52,4,7,PReLU+LeakyReLU,GRU,False
PReLU,Tanh,BiGRU+GRU,50,87.48,89.12,85.38,87.21,3,6,PReLU+Tanh,GRU,False
PReLU,GELU,BiGRU+GRU,50,87.68,86.97,88.64,87.8,3,6,PReLU+GELU,GRU,False
PReLU,SiLU,BiGRU+GRU,50,87.4,86.94,88.02,87.48,3,6,PReLU+SiLU,GRU,False
PReLU,Mish,BiGRU+GRU,50,87.29,87.37,87.18,87.28,3,6,PReLU+Mish,GRU,False
PReLU,SELU,BiGRU+GRU,50,87.51,87.19,87.94,87.56,3,6,PReLU+SELU,GRU,False
PReLU,PReLU,BiGRU+GRU,50,87.48,86.96,88.18,87.57,3,6,PReLU+PReLU,GRU,False
PReLU,Hardswish,BiGRU+GRU,50,87.48,86.98,88.16,87.56,3,6,PReLU+Hardswish,GRU,False
Hardswish,ReLU,BiGRU+GRU,50,87.81,87.28,88.52,87.9,3,6,Hardswish+ReLU,GRU,False
Hardswish,ELU,BiGRU+GRU,50,87.37,86.47,88.6,87.52,3,6,Hardswish+ELU,GRU,False
Hardswish,LeakyReLU,BiGRU+GRU,50,87.81,87.73,87.92,87.82,3,6,Hardswish+LeakyReLU,GRU,False
Hardswish,Tanh,BiGRU+GRU,50,87.58,86.27,89.38,87.8,3,6,Hardswish+Tanh,GRU,False
Hardswish,GELU,BiGRU+GRU,50,87.84,86.98,89.0,87.98,3,6,Hardswish+GELU,GRU,False
Hardswish,SiLU,BiGRU+GRU,50,87.9,87.57,88.34,87.95,3,6,Hardswish+SiLU,GRU,False
Hardswish,Mish,BiGRU+GRU,50,87.59,87.57,87.62,87.59,3,6,Hardswish+Mish,GRU,False
Hardswish,SELU,BiGRU+GRU,50,87.56,85.51,90.44,87.91,3,6,Hardswish+SELU,GRU,False
Hardswish,PReLU,BiGRU+GRU,50,87.44,86.52,88.7,87.6,3,6,Hardswish+PReLU,GRU,False
Hardswish,Hardswish,BiGRU+GRU,50,87.69,87.07,88.52,87.79,3,6,Hardswish+Hardswish,GRU,False
ReLU,ReLU,BiLSTM+BiLSTM,10,87.41,86.47,88.7,87.57,5,8,ReLU+ReLU,LSTM,True
ReLU,ELU,BiLSTM+BiLSTM,10,86.81,89.34,83.6,86.37,5,8,ReLU+ELU,LSTM,True
ReLU,LeakyReLU,BiLSTM+BiLSTM,10,86.68,87.6,85.46,86.52,5,8,ReLU+LeakyReLU,LSTM,True
ReLU,Tanh,BiLSTM+BiLSTM,10,87.82,86.48,89.66,88.04,6,9,ReLU+Tanh,LSTM,True
ReLU,GELU,BiLSTM+BiLSTM,10,86.65,87.57,85.42,86.48,4,7,ReLU+GELU,LSTM,True
ReLU,SiLU,BiLSTM+BiLSTM,10,87.18,86.07,88.72,87.37,4,7,ReLU+SiLU,LSTM,True
ReLU,Mish,BiLSTM+BiLSTM,10,87.15,85.96,88.8,87.36,4,7,ReLU+Mish,LSTM,True
ReLU,SELU,BiLSTM+BiLSTM,10,87.08,85.57,89.2,87.35,5,8,ReLU+SELU,LSTM,True
ReLU,PReLU,BiLSTM+BiLSTM,10,85.53,90.9,78.96,84.51,5,8,ReLU+PReLU,LSTM,True
ReLU,Hardswish,BiLSTM+BiLSTM,10,87.2,88.38,85.66,87.0,6,9,ReLU+Hardswish,LSTM,True
ELU,ReLU,BiLSTM+BiLSTM,10,87.13,87.42,86.74,87.08,6,9,ELU+ReLU,LSTM,True
ELU,ELU,BiLSTM+BiLSTM,10,86.41,87.87,84.48,86.14,4,7,ELU+ELU,LSTM,True
ELU,LeakyReLU,BiLSTM+BiLSTM,10,85.65,88.16,82.36,85.16,4,7,ELU+LeakyReLU,LSTM,True
ELU,Tanh,BiLSTM+BiLSTM,10,86.53,88.79,83.62,86.13,5,8,ELU+Tanh,LSTM,True
ELU,GELU,BiLSTM+BiLSTM,10,85.75,86.38,84.88,85.62,3,6,ELU+GELU,LSTM,True
ELU,SiLU,BiLSTM+BiLSTM,10,86.17,85.82,86.66,86.24,4,7,ELU+SiLU,LSTM,True
ELU,Mish,BiLSTM+BiLSTM,10,87.47,87.02,88.08,87.55,6,9,ELU+Mish,LSTM,True
ELU,SELU,BiLSTM+BiLSTM,10,87.09,89.2,84.4,86.73,5,8,ELU+SELU,LSTM,True
ELU,PReLU,BiLSTM+BiLSTM,10,86.37,87.09,85.4,86.24,4,7,ELU+PReLU,LSTM,True
ELU,Hardswish,BiLSTM+BiLSTM,10,87.11,87.36,86.78,87.07,6,9,ELU+Hardswish,LSTM,True
LeakyReLU,ReLU,BiLSTM+BiLSTM,10,86.4,89.5,82.48,85.85,4,7,LeakyReLU+ReLU,LSTM,True
LeakyReLU,ELU,BiLSTM+BiLSTM,10,87.4,85.84,89.58,87.67,6,9,LeakyReLU+ELU,LSTM,True
LeakyReLU,LeakyReLU,BiLSTM+BiLSTM,10,86.42,89.48,82.54,85.87,4,7,LeakyReLU+LeakyReLU,LSTM,True
LeakyReLU,Tanh,BiLSTM+BiLSTM,10,86.66,83.67,91.1,87.23,5,8,LeakyReLU+Tanh,LSTM,True
LeakyReLU,GELU,BiLSTM+BiLSTM,10,87.05,88.76,84.84,86.76,4,7,LeakyReLU+GELU,LSTM,True
LeakyReLU,SiLU,BiLSTM+BiLSTM,10,86.23,88.63,83.12,85.79,4,7,LeakyReLU+SiLU,LSTM,True
LeakyReLU,Mish,BiLSTM+BiLSTM,10,87.59,87.14,88.2,87.67,6,9,LeakyReLU+Mish,LSTM,True
LeakyReLU,SELU,BiLSTM+BiLSTM,10,85.38,89.82,79.8,84.52,4,7,LeakyReLU+SELU,LSTM,True
LeakyReLU,PReLU,BiLSTM+BiLSTM,10,86.29,89.11,82.68,85.78,4,7,LeakyReLU+PReLU,LSTM,True
LeakyReLU,Hardswish,BiLSTM+BiLSTM,10,87.26,88.27,85.94,87.09,5,8,LeakyReLU+Hardswish,LSTM,True
Tanh,ReLU,BiLSTM+BiLSTM,10,86.16,84.14,89.12,86.56,4,7,Tanh+ReLU,LSTM,True
Tanh,ELU,BiLSTM+BiLSTM,10,87.14,89.82,83.78,86.69,6,9,Tanh+ELU,LSTM,True
Tanh,LeakyReLU,BiLSTM+BiLSTM,10,86.02,87.21,84.42,85.79,4,7,Tanh+LeakyReLU,LSTM,True
Tanh,Tanh,BiLSTM+BiLSTM,10,85.79,90.62,79.84,84.89,6,9,Tanh+Tanh,LSTM,True
Tanh,GELU,BiLSTM+BiLSTM,10,86.82,86.59,87.14,86.86,5,8,Tanh+GELU,LSTM,True
Tanh,SiLU,BiLSTM+BiLSTM,10,87.52,89.61,84.88,87.18,6,9,Tanh+SiLU,LSTM,True
Tanh,Mish,BiLSTM+BiLSTM,10,86.86,89.18,83.9,86.46,5,8,Tanh+Mish,LSTM,True
Tanh,SELU,BiLSTM+BiLSTM,10,85.44,89.66,80.12,84.62,4,7,Tanh+SELU,LSTM,True
Tanh,PReLU,BiLSTM+BiLSTM,10,86.68,88.97,83.74,86.28,5,8,Tanh+PReLU,LSTM,True
Tanh,Hardswish,BiLSTM+BiLSTM,10,87.5,88.56,86.12,87.33,6,9,Tanh+Hardswish,LSTM,True
GELU,ReLU,BiLSTM+BiLSTM,10,86.89,86.42,87.54,86.97,4,7,GELU+ReLU,LSTM,True
GELU,ELU,BiLSTM+BiLSTM,10,86.43,86.01,87.02,86.51,4,7,GELU+ELU,LSTM,True
GELU,LeakyReLU,BiLSTM+BiLSTM,10,86.82,84.63,89.98,87.22,5,8,GELU+LeakyReLU,LSTM,True
GELU,Tanh,BiLSTM+BiLSTM,10,87.27,87.44,87.04,87.24,5,8,GELU+Tanh,LSTM,True
GELU,GELU,BiLSTM+BiLSTM,10,86.98,90.07,83.12,86.46,5,8,GELU+GELU,LSTM,True
GELU,SiLU,BiLSTM+BiLSTM,10,87.04,87.78,86.06,86.91,5,8,GELU+SiLU,LSTM,True
GELU,Mish,BiLSTM+BiLSTM,10,86.93,87.8,85.78,86.78,7,10,GELU+Mish,LSTM,True
GELU,SELU,BiLSTM+BiLSTM,10,86.87,87.01,86.68,86.85,5,8,GELU+SELU,LSTM,True
GELU,PReLU,BiLSTM+BiLSTM,10,87.31,86.22,88.82,87.5,5,8,GELU+PReLU,LSTM,True
GELU,Hardswish,BiLSTM+BiLSTM,10,85.98,87.34,84.16,85.72,5,8,GELU+Hardswish,LSTM,True
SiLU,ReLU,BiLSTM+BiLSTM,10,87.16,85.0,90.24,87.54,5,8,SiLU+ReLU,LSTM,True
SiLU,ELU,BiLSTM+BiLSTM,10,85.97,90.41,80.48,85.16,4,7,SiLU+ELU,LSTM,True
SiLU,LeakyReLU,BiLSTM+BiLSTM,10,87.26,86.52,88.28,87.39,5,8,SiLU+LeakyReLU,LSTM,True
SiLU,Tanh,BiLSTM+BiLSTM,10,87.34,88.43,85.92,87.16,6,9,SiLU+Tanh,LSTM,True
SiLU,GELU,BiLSTM+BiLSTM,10,86.6,86.41,86.86,86.63,5,8,SiLU+GELU,LSTM,True
SiLU,SiLU,BiLSTM+BiLSTM,10,87.51,86.67,88.66,87.65,5,8,SiLU+SiLU,LSTM,True
SiLU,Mish,BiLSTM+BiLSTM,10,86.91,84.14,90.96,87.42,8,10,SiLU+Mish,LSTM,True
SiLU,SELU,BiLSTM+BiLSTM,10,87.1,86.5,87.92,87.2,5,8,SiLU+SELU,LSTM,True
SiLU,PReLU,BiLSTM+BiLSTM,10,86.89,88.89,84.32,86.54,6,9,SiLU+PReLU,LSTM,True
SiLU,Hardswish,BiLSTM+BiLSTM,10,87.06,86.99,87.16,87.07,4,7,SiLU+Hardswish,LSTM,True
Mish,ReLU,BiLSTM+BiLSTM,10,87.14,88.02,85.98,86.99,5,8,Mish+ReLU,LSTM,True
Mish,ELU,BiLSTM+BiLSTM,10,86.6,88.97,83.56,86.18,5,8,Mish+ELU,LSTM,True
Mish,LeakyReLU,BiLSTM+BiLSTM,10,85.79,89.49,81.1,85.09,4,7,Mish+LeakyReLU,LSTM,True
Mish,Tanh,BiLSTM+BiLSTM,10,87.55,87.13,88.12,87.62,6,9,Mish+Tanh,LSTM,True
Mish,GELU,BiLSTM+BiLSTM,10,85.66,88.66,81.78,85.08,4,7,Mish+GELU,LSTM,True
Mish,SiLU,BiLSTM+BiLSTM,10,86.66,89.0,83.66,86.25,6,9,Mish+SiLU,LSTM,True
Mish,Mish,BiLSTM+BiLSTM,10,86.15,88.3,83.34,85.75,4,7,Mish+Mish,LSTM,True
Mish,SELU,BiLSTM+BiLSTM,10,86.68,90.65,81.8,86.0,7,10,Mish+SELU,LSTM,True
Mish,PReLU,BiLSTM+BiLSTM,10,86.4,87.17,85.36,86.26,5,8,Mish+PReLU,LSTM,True
Mish,Hardswish,BiLSTM+BiLSTM,10,87.47,88.42,86.24,87.31,6,9,Mish+Hardswish,LSTM,True
SELU,ReLU,BiLSTM+BiLSTM,10,87.0,88.35,85.24,86.77,6,9,SELU+ReLU,LSTM,True
SELU,ELU,BiLSTM+BiLSTM,10,86.9,89.68,83.4,86.42,6,9,SELU+ELU,LSTM,True
SELU,LeakyReLU,BiLSTM+BiLSTM,10,87.58,88.58,86.28,87.42,6,9,SELU+LeakyReLU,LSTM,True
SELU,Tanh,BiLSTM+BiLSTM,10,87.55,86.32,89.24,87.76,6,9,SELU+Tanh,LSTM,True
SELU,GELU,BiLSTM+BiLSTM,10,86.43,88.4,83.86,86.07,4,7,SELU+GELU,LSTM,True
SELU,SiLU,BiLSTM+BiLSTM,10,87.46,87.27,87.72,87.49,6,9,SELU+SiLU,LSTM,True
SELU,Mish,BiLSTM+BiLSTM,10,86.78,87.68,85.58,86.62,6,9,SELU+Mish,LSTM,True
SELU,SELU,BiLSTM+BiLSTM,10,85.7,87.9,82.8,85.27,4,7,SELU+SELU,LSTM,True
SELU,PReLU,BiLSTM+BiLSTM,10,86.57,89.54,82.82,86.05,5,8,SELU+PReLU,LSTM,True
SELU,Hardswish,BiLSTM+BiLSTM,10,86.61,83.43,91.36,87.22,5,8,SELU+Hardswish,LSTM,True
PReLU,ReLU,BiLSTM+BiLSTM,10,86.9,87.64,85.92,86.77,4,7,PReLU+ReLU,LSTM,True
PReLU,ELU,BiLSTM+BiLSTM,10,87.34,89.14,85.04,87.04,5,8,PReLU+ELU,LSTM,True
PReLU,LeakyReLU,BiLSTM+BiLSTM,10,86.31,89.14,82.7,85.8,7,10,PReLU+LeakyReLU,LSTM,True
PReLU,Tanh,BiLSTM+BiLSTM,10,86.99,86.1,88.22,87.15,5,8,PReLU+Tanh,LSTM,True
PReLU,GELU,BiLSTM+BiLSTM,10,87.03,88.65,84.94,86.75,5,8,PReLU+GELU,LSTM,True
PReLU,SiLU,BiLSTM+BiLSTM,10,87.68,86.3,89.58,87.91,5,8,PReLU+SiLU,LSTM,True
PReLU,Mish,BiLSTM+BiLSTM,10,87.05,86.1,88.36,87.22,5,8,PReLU+Mish,LSTM,True
PReLU,SELU,BiLSTM+BiLSTM,10,86.87,86.89,86.84,86.87,6,9,PReLU+SELU,LSTM,True
PReLU,PReLU,BiLSTM+BiLSTM,10,86.92,88.75,84.56,86.6,5,8,PReLU+PReLU,LSTM,True
PReLU,Hardswish,BiLSTM+BiLSTM,10,85.07,88.61,80.48,84.35,4,7,PReLU+Hardswish,LSTM,True
Hardswish,ReLU,BiLSTM+BiLSTM,10,87.28,86.82,87.9,87.36,5,8,Hardswish+ReLU,LSTM,True
Hardswish,ELU,BiLSTM+BiLSTM,10,86.58,89.73,82.62,86.03,5,8,Hardswish+ELU,LSTM,True
Hardswish,LeakyReLU,BiLSTM+BiLSTM,10,86.99,88.96,84.46,86.65,5,8,Hardswish+LeakyReLU,LSTM,True
Hardswish,Tanh,BiLSTM+BiLSTM,10,87.34,89.45,84.66,86.99,7,10,Hardswish+Tanh,LSTM,True
Hardswish,GELU,BiLSTM+BiLSTM,10,86.73,86.88,86.52,86.7,4,7,Hardswish+GELU,LSTM,True
Hardswish,SiLU,BiLSTM+BiLSTM,10,86.28,87.4,84.78,86.07,4,7,Hardswish+SiLU,LSTM,True
Hardswish,Mish,BiLSTM+BiLSTM,10,87.33,88.21,86.18,87.18,6,9,Hardswish+Mish,LSTM,True
Hardswish,SELU,BiLSTM+BiLSTM,10,86.33,87.69,84.52,86.08,5,8,Hardswish+SELU,LSTM,True
Hardswish,PReLU,BiLSTM+BiLSTM,10,86.43,88.81,83.36,86.0,4,7,Hardswish+PReLU,LSTM,True
Hardswish,Hardswish,BiLSTM+BiLSTM,10,86.57,89.52,82.84,86.05,5,8,Hardswish+Hardswish,LSTM,True
ReLU,ReLU,BiLSTM+BiLSTM,20,86.85,87.81,85.58,86.68,7,10,ReLU+ReLU,LSTM,True
ReLU,ELU,BiLSTM+BiLSTM,20,87.22,85.69,89.36,87.49,5,8,ReLU+ELU,LSTM,True
ReLU,LeakyReLU,BiLSTM+BiLSTM,20,87.17,86.65,87.88,87.26,5,8,ReLU+LeakyReLU,LSTM,True
ReLU,Tanh,BiLSTM+BiLSTM,20,87.1,87.67,86.34,87.0,5,8,ReLU+Tanh,LSTM,True
ReLU,GELU,BiLSTM+BiLSTM,20,86.39,90.46,81.36,85.67,5,8,ReLU+GELU,LSTM,True
ReLU,SiLU,BiLSTM+BiLSTM,20,87.66,87.44,87.96,87.7,6,9,ReLU+SiLU,LSTM,True
ReLU,Mish,BiLSTM+BiLSTM,20,85.95,83.52,89.58,86.44,3,6,ReLU+Mish,LSTM,True
ReLU,SELU,BiLSTM+BiLSTM,20,86.91,84.62,90.22,87.33,7,10,ReLU+SELU,LSTM,True
ReLU,PReLU,BiLSTM+BiLSTM,20,86.38,86.72,85.92,86.32,3,6,ReLU+PReLU,LSTM,True
ReLU,Hardswish,BiLSTM+BiLSTM,20,87.53,89.04,85.6,87.28,5,8,ReLU+Hardswish,LSTM,True
ELU,ReLU,BiLSTM+BiLSTM,20,87.51,86.26,89.24,87.72,6,9,ELU+ReLU,LSTM,True
ELU,ELU,BiLSTM+BiLSTM,20,86.97,85.19,89.5,87.29,4,7,ELU+ELU,LSTM,True
ELU,LeakyReLU,BiLSTM+BiLSTM,20,86.76,87.51,85.76,86.63,5,8,ELU+LeakyReLU,LSTM,True
ELU,Tanh,BiLSTM+BiLSTM,20,87.48,85.97,89.58,87.74,5,8,ELU+Tanh,LSTM,True
ELU,GELU,BiLSTM+BiLSTM,20,86.41,85.83,87.22,86.52,7,10,ELU+GELU,LSTM,True
ELU,SiLU,BiLSTM+BiLSTM,20,87.66,88.92,86.04,87.46,6,9,ELU+SiLU,LSTM,True
ELU,Mish,BiLSTM+BiLSTM,20,87.06,87.62,86.32,86.96,7,10,ELU+Mish,LSTM,True
ELU,SELU,BiLSTM+BiLSTM,20,86.99,87.88,85.82,86.84,7,10,ELU+SELU,LSTM,True
ELU,PReLU,BiLSTM+BiLSTM,20,86.72,87.59,85.56,86.56,7,10,ELU+PReLU,LSTM,True
ELU,Hardswish,BiLSTM+BiLSTM,20,86.69,87.77,85.26,86.5,5,8,ELU+Hardswish,LSTM,True
LeakyReLU,ReLU,BiLSTM+BiLSTM,20,87.63,87.1,88.34,87.72,7,10,LeakyReLU+ReLU,LSTM,True
LeakyReLU,ELU,BiLSTM+BiLSTM,20,87.52,86.44,89.0,87.7,5,8,LeakyReLU+ELU,LSTM,True
LeakyReLU,LeakyReLU,BiLSTM+BiLSTM,20,86.9,84.96,89.68,87.25,4,7,LeakyReLU+LeakyReLU,LSTM,True
LeakyReLU,Tanh,BiLSTM+BiLSTM,20,87.09,85.52,89.3,87.37,5,8,LeakyReLU+Tanh,LSTM,True
LeakyReLU,GELU,BiLSTM+BiLSTM,20,87.34,86.39,88.64,87.5,5,8,LeakyReLU+GELU,LSTM,True
LeakyReLU,SiLU,BiLSTM+BiLSTM,20,86.45,87.45,85.12,86.27,5,8,LeakyReLU+SiLU,LSTM,True
LeakyReLU,Mish,BiLSTM+BiLSTM,20,87.07,89.49,84.0,86.66,5,8,LeakyReLU+Mish,LSTM,True
LeakyReLU,SELU,BiLSTM+BiLSTM,20,87.43,85.79,89.72,87.71,4,7,LeakyReLU+SELU,LSTM,True
LeakyReLU,PReLU,BiLSTM+BiLSTM,20,87.17,85.07,90.16,87.54,7,10,LeakyReLU+PReLU,LSTM,True
LeakyReLU,Hardswish,BiLSTM+BiLSTM,20,86.97,86.11,88.16,87.12,5,8,LeakyReLU+Hardswish,LSTM,True
Tanh,ReLU,BiLSTM+BiLSTM,20,86.5,87.06,85.74,86.4,7,10,Tanh+ReLU,LSTM,True
Tanh,ELU,BiLSTM+BiLSTM,20,87.54,88.61,86.16,87.37,5,8,Tanh+ELU,LSTM,True
Tanh,LeakyReLU,BiLSTM+BiLSTM,20,86.87,87.4,86.16,86.78,5,8,Tanh+LeakyReLU,LSTM,True
Tanh,Tanh,BiLSTM+BiLSTM,20,87.06,89.48,84.0,86.65,6,9,Tanh+Tanh,LSTM,True
Tanh,GELU,BiLSTM+BiLSTM,20,87.12,86.28,88.28,87.27,6,9,Tanh+GELU,LSTM,True
Tanh,SiLU,BiLSTM+BiLSTM,20,87.14,87.99,86.02,86.99,6,9,Tanh+SiLU,LSTM,True
Tanh,Mish,BiLSTM+BiLSTM,20,86.55,88.37,84.18,86.22,7,10,Tanh+Mish,LSTM,True
Tanh,SELU,BiLSTM+BiLSTM,20,86.75,86.73,86.78,86.75,7,10,Tanh+SELU,LSTM,True
Tanh,PReLU,BiLSTM+BiLSTM,20,86.48,86.66,86.24,86.45,7,10,Tanh+PReLU,LSTM,True
Tanh,Hardswish,BiLSTM+BiLSTM,20,86.67,86.56,86.82,86.69,7,10,Tanh+Hardswish,LSTM,True
GELU,ReLU,BiLSTM+BiLSTM,20,87.77,87.78,87.76,87.77,6,9,GELU+ReLU,LSTM,True
GELU,ELU,BiLSTM+BiLSTM,20,87.4,88.41,86.08,87.23,6,9,GELU+ELU,LSTM,True
GELU,LeakyReLU,BiLSTM+BiLSTM,20,86.84,86.16,87.78,86.96,7,10,GELU+LeakyReLU,LSTM,True
GELU,Tanh,BiLSTM+BiLSTM,20,87.03,85.89,88.62,87.23,5,8,GELU+Tanh,LSTM,True
GELU,GELU,BiLSTM+BiLSTM,20,87.21,86.92,87.6,87.26,6,9,GELU+GELU,LSTM,True
GELU,SiLU,BiLSTM+BiLSTM,20,86.73,84.92,89.32,87.07,6,9,GELU+SiLU,LSTM,True
GELU,Mish,BiLSTM+BiLSTM,20,87.44,85.27,90.52,87.82,6,9,GELU+Mish,LSTM,True
GELU,SELU,BiLSTM+BiLSTM,20,87.5,85.77,89.92,87.8,6,9,GELU+SELU,LSTM,True
GELU,PReLU,BiLSTM+BiLSTM,20,85.37,82.74,89.38,85.93,3,6,GELU+PReLU,LSTM,True
GELU,Hardswish,BiLSTM+BiLSTM,20,85.23,84.37,86.48,85.41,4,7,GELU+Hardswish,LSTM,True
SiLU,ReLU,BiLSTM+BiLSTM,20,86.57,88.44,84.14,86.24,6,9,SiLU+ReLU,LSTM,True
SiLU,ELU,BiLSTM+BiLSTM,20,87.48,87.32,87.7,87.51,6,9,SiLU+ELU,LSTM,True
SiLU,LeakyReLU,BiLSTM+BiLSTM,20,87.13,86.89,87.46,87.17,7,10,SiLU+LeakyReLU,LSTM,True
SiLU,Tanh,BiLSTM+BiLSTM,20,87.29,88.17,86.14,87.14,6,9,SiLU+Tanh,LSTM,True
SiLU,GELU,BiLSTM+BiLSTM,20,85.86,85.13,86.9,86.01,5,8,SiLU+GELU,LSTM,True
SiLU,SiLU,BiLSTM+BiLSTM,20,86.77,88.25,84.84,86.51,7,10,SiLU+SiLU,LSTM,True
SiLU,Mish,BiLSTM+BiLSTM,20,87.48,87.27,87.76,87.51,5,8,SiLU+Mish,LSTM,True
SiLU,SELU,BiLSTM+BiLSTM,20,86.29,89.28,82.48,85.75,5,8,SiLU+SELU,LSTM,True
SiLU,PReLU,BiLSTM+BiLSTM,20,87.28,86.91,87.78,87.34,7,10,SiLU+PReLU,LSTM,True
SiLU,Hardswish,BiLSTM+BiLSTM,20,87.21,87.23,87.18,87.21,6,9,SiLU+Hardswish,LSTM,True
Mish,ReLU,BiLSTM+BiLSTM,20,86.73,87.29,85.98,86.63,7,10,Mish+ReLU,LSTM,True
Mish,ELU,BiLSTM+BiLSTM,20,87.61,87.51,87.74,87.63,6,9,Mish+ELU,LSTM,True
Mish,LeakyReLU,BiLSTM+BiLSTM,20,86.62,83.63,91.06,87.19,4,7,Mish+LeakyReLU,LSTM,True
Mish,Tanh,BiLSTM+BiLSTM,20,87.18,87.08,87.32,87.2,7,10,Mish+Tanh,LSTM,True
Mish,GELU,BiLSTM+BiLSTM,20,87.45,86.28,89.06,87.65,6,9,Mish+GELU,LSTM,True
Mish,SiLU,BiLSTM+BiLSTM,20,87.64,86.59,89.08,87.82,5,8,Mish+SiLU,LSTM,True
Mish,Mish,BiLSTM+BiLSTM,20,87.56,88.34,86.54,87.43,7,10,Mish+Mish,LSTM,True
Mish,SELU,BiLSTM+BiLSTM,20,87.23,88.74,85.28,86.98,5,8,Mish+SELU,LSTM,True
Mish,PReLU,BiLSTM+BiLSTM,20,86.68,86.45,87.0,86.72,7,10,Mish+PReLU,LSTM,True
Mish,Hardswish,BiLSTM+BiLSTM,20,87.32,85.95,89.22,87.56,4,7,Mish+Hardswish,LSTM,True
SELU,ReLU,BiLSTM+BiLSTM,20,86.61,84.78,89.24,86.95,4,7,SELU+ReLU,LSTM,True
SELU,ELU,BiLSTM+BiLSTM,20,85.78,87.43,83.58,85.46,7,10,SELU+ELU,LSTM,True
SELU,LeakyReLU,BiLSTM+BiLSTM,20,87.23,86.71,87.94,87.32,5,8,SELU+LeakyReLU,LSTM,True
SELU,Tanh,BiLSTM+BiLSTM,20,86.8,89.27,83.66,86.37,5,8,SELU+Tanh,LSTM,True
SELU,GELU,BiLSTM+BiLSTM,20,86.72,86.63,86.84,86.74,7,10,SELU+GELU,LSTM,True
SELU,SiLU,BiLSTM+BiLSTM,20,87.04,85.84,88.72,87.25,7,10,SELU+SiLU,LSTM,True
SELU,Mish,BiLSTM+BiLSTM,20,87.31,86.19,88.86,87.5,4,7,SELU+Mish,LSTM,True
SELU,SELU,BiLSTM+BiLSTM,20,86.92,85.58,88.8,87.16,5,8,SELU+SELU,LSTM,True
SELU,PReLU,BiLSTM+BiLSTM,20,87.17,86.51,88.08,87.29,7,10,SELU+PReLU,LSTM,True
SELU,Hardswish,BiLSTM+BiLSTM,20,87.44,86.22,89.12,87.65,6,9,SELU+Hardswish,LSTM,True
PReLU,ReLU,BiLSTM+BiLSTM,20,87.16,87.7,86.44,87.07,5,8,PReLU+ReLU,LSTM,True
PReLU,ELU,BiLSTM+BiLSTM,20,87.35,87.75,86.82,87.28,6,9,PReLU+ELU,LSTM,True
PReLU,LeakyReLU,BiLSTM+BiLSTM,20,87.09,88.92,84.74,86.78,5,8,PReLU+LeakyReLU,LSTM,True
PReLU,Tanh,BiLSTM+BiLSTM,20,87.02,87.3,86.64,86.97,6,9,PReLU+Tanh,LSTM,True
PReLU,GELU,BiLSTM+BiLSTM,20,87.19,88.3,85.74,87.0,6,9,PReLU+GELU,LSTM,True
PReLU,SiLU,BiLSTM+BiLSTM,20,87.63,89.03,85.84,87.4,6,9,PReLU+SiLU,LSTM,True
PReLU,Mish,BiLSTM+BiLSTM,20,87.2,89.09,84.78,86.88,6,9,PReLU+Mish,LSTM,True
PReLU,SELU,BiLSTM+BiLSTM,20,87.19,85.18,90.04,87.54,4,7,PReLU+SELU,LSTM,True
PReLU,PReLU,BiLSTM+BiLSTM,20,86.26,87.88,84.12,85.96,7,10,PReLU+PReLU,LSTM,True
PReLU,Hardswish,BiLSTM+BiLSTM,20,86.58,90.16,82.12,85.95,5,8,PReLU+Hardswish,LSTM,True
Hardswish,ReLU,BiLSTM+BiLSTM,20,86.96,87.68,86.0,86.83,7,10,Hardswish+ReLU,LSTM,True
Hardswish,ELU,BiLSTM+BiLSTM,20,86.42,87.39,85.12,86.24,5,8,Hardswish+ELU,LSTM,True
Hardswish,LeakyReLU,BiLSTM+BiLSTM,20,85.3,82.34,89.88,85.94,4,7,Hardswish+LeakyReLU,LSTM,True
Hardswish,Tanh,BiLSTM+BiLSTM,20,86.85,85.2,89.2,87.15,7,10,Hardswish+Tanh,LSTM,True
Hardswish,GELU,BiLSTM+BiLSTM,20,85.77,86.29,85.06,85.67,4,7,Hardswish+GELU,LSTM,True
Hardswish,SiLU,BiLSTM+BiLSTM,20,86.96,86.19,88.02,87.1,7,10,Hardswish+SiLU,LSTM,True
Hardswish,Mish,BiLSTM+BiLSTM,20,86.2,87.77,84.12,85.91,6,9,Hardswish+Mish,LSTM,True
Hardswish,SELU,BiLSTM+BiLSTM,20,87.58,86.92,88.48,87.69,6,9,Hardswish+SELU,LSTM,True
Hardswish,PReLU,BiLSTM+BiLSTM,20,86.19,88.23,83.52,85.81,5,8,Hardswish+PReLU,LSTM,True
Hardswish,Hardswish,BiLSTM+BiLSTM,20,87.4,87.0,87.94,87.47,6,9,Hardswish+Hardswish,LSTM,True
ReLU,ReLU,BiLSTM+BiLSTM,30,86.89,86.43,87.52,86.97,5,8,ReLU+ReLU,LSTM,True
ReLU,ELU,BiLSTM+BiLSTM,30,86.71,86.67,86.76,86.72,5,8,ReLU+ELU,LSTM,True
ReLU,LeakyReLU,BiLSTM+BiLSTM,30,86.93,87.27,86.48,86.87,5,8,ReLU+LeakyReLU,LSTM,True
ReLU,Tanh,BiLSTM+BiLSTM,30,86.72,87.52,85.66,86.58,5,8,ReLU+Tanh,LSTM,True
ReLU,GELU,BiLSTM+BiLSTM,30,87.05,87.74,86.14,86.93,5,8,ReLU+GELU,LSTM,True
ReLU,SiLU,BiLSTM+BiLSTM,30,85.98,89.64,81.36,85.3,5,8,ReLU+SiLU,LSTM,True
ReLU,Mish,BiLSTM+BiLSTM,30,86.57,86.2,87.08,86.64,5,8,ReLU+Mish,LSTM,True
ReLU,SELU,BiLSTM+BiLSTM,30,86.56,90.02,82.24,85.95,5,8,ReLU+SELU,LSTM,True
ReLU,PReLU,BiLSTM+BiLSTM,30,86.89,87.41,86.2,86.8,5,8,ReLU+PReLU,LSTM,True
ReLU,Hardswish,BiLSTM+BiLSTM,30,87.0,88.03,85.64,86.82,5,8,ReLU+Hardswish,LSTM,True
ELU,ReLU,BiLSTM+BiLSTM,30,85.81,83.98,88.5,86.18,4,7,ELU+ReLU,LSTM,True
ELU,ELU,BiLSTM+BiLSTM,30,86.43,85.31,88.02,86.64,5,8,ELU+ELU,LSTM,True
ELU,LeakyReLU,BiLSTM+BiLSTM,30,86.79,85.19,89.06,87.08,6,9,ELU+LeakyReLU,LSTM,True
ELU,Tanh,BiLSTM+BiLSTM,30,86.31,90.5,81.14,85.56,5,8,ELU+Tanh,LSTM,True
ELU,GELU,BiLSTM+BiLSTM,30,86.89,88.01,85.42,86.69,5,8,ELU+GELU,LSTM,True
ELU,SiLU,BiLSTM+BiLSTM,30,86.19,85.35,87.38,86.35,6,9,ELU+SiLU,LSTM,True
ELU,Mish,BiLSTM+BiLSTM,30,86.66,90.09,82.38,86.06,5,8,ELU+Mish,LSTM,True
ELU,SELU,BiLSTM+BiLSTM,30,86.61,87.24,85.76,86.5,5,8,ELU+SELU,LSTM,True
ELU,PReLU,BiLSTM+BiLSTM,30,86.5,85.14,88.44,86.76,5,8,ELU+PReLU,LSTM,True
ELU,Hardswish,BiLSTM+BiLSTM,30,86.87,86.43,87.48,86.95,5,8,ELU+Hardswish,LSTM,True
LeakyReLU,ReLU,BiLSTM+BiLSTM,30,87.71,88.21,87.06,87.63,5,8,LeakyReLU+ReLU,LSTM,True
LeakyReLU,ELU,BiLSTM+BiLSTM,30,86.15,88.96,82.54,85.63,5,8,LeakyReLU+ELU,LSTM,True
LeakyReLU,LeakyReLU,BiLSTM+BiLSTM,30,87.37,87.62,87.04,87.33,5,8,LeakyReLU+LeakyReLU,LSTM,True
LeakyReLU,Tanh,BiLSTM+BiLSTM,30,86.9,84.81,89.9,87.28,6,9,LeakyReLU+Tanh,LSTM,True
LeakyReLU,GELU,BiLSTM+BiLSTM,30,86.46,88.67,83.6,86.06,5,8,LeakyReLU+GELU,LSTM,True
LeakyReLU,SiLU,BiLSTM+BiLSTM,30,86.87,86.51,87.36,86.93,5,8,LeakyReLU+SiLU,LSTM,True
LeakyReLU,Mish,BiLSTM+BiLSTM,30,87.0,87.97,85.72,86.83,5,8,LeakyReLU+Mish,LSTM,True
LeakyReLU,SELU,BiLSTM+BiLSTM,30,85.06,82.96,88.24,85.52,4,7,LeakyReLU+SELU,LSTM,True
LeakyReLU,PReLU,BiLSTM+BiLSTM,30,87.67,88.84,86.16,87.48,5,8,LeakyReLU+PReLU,LSTM,True
LeakyReLU,Hardswish,BiLSTM+BiLSTM,30,86.59,85.66,87.9,86.76,4,7,LeakyReLU+Hardswish,LSTM,True
Tanh,ReLU,BiLSTM+BiLSTM,30,86.46,89.63,82.46,85.9,5,8,Tanh+ReLU,LSTM,True
Tanh,ELU,BiLSTM+BiLSTM,30,85.88,85.57,86.32,85.94,4,7,Tanh+ELU,LSTM,True
Tanh,LeakyReLU,BiLSTM+BiLSTM,30,87.81,87.0,88.9,87.94,5,8,Tanh+LeakyReLU,LSTM,True
Tanh,Tanh,BiLSTM+BiLSTM,30,87.44,86.91,88.16,87.53,5,8,Tanh+Tanh,LSTM,True
Tanh,GELU,BiLSTM+BiLSTM,30,86.69,87.2,86.0,86.6,5,8,Tanh+GELU,LSTM,True
Tanh,SiLU,BiLSTM+BiLSTM,30,86.98,85.42,89.18,87.26,5,8,Tanh+SiLU,LSTM,True
Tanh,Mish,BiLSTM+BiLSTM,30,86.51,87.87,84.72,86.26,5,8,Tanh+Mish,LSTM,True
Tanh,SELU,BiLSTM+BiLSTM,30,87.24,88.09,86.12,87.1,5,8,Tanh+SELU,LSTM,True
Tanh,PReLU,BiLSTM+BiLSTM,30,86.86,84.13,90.86,87.37,5,8,Tanh+PReLU,LSTM,True
Tanh,Hardswish,BiLSTM+BiLSTM,30,86.52,86.65,86.34,86.5,5,8,Tanh+Hardswish,LSTM,True
GELU,ReLU,BiLSTM+BiLSTM,30,86.83,87.56,85.86,86.7,5,8,GELU+ReLU,LSTM,True
GELU,ELU,BiLSTM+BiLSTM,30,87.16,86.72,87.76,87.24,5,8,GELU+ELU,LSTM,True
GELU,LeakyReLU,BiLSTM+BiLSTM,30,87.24,87.78,86.52,87.15,5,8,GELU+LeakyReLU,LSTM,True
GELU,Tanh,BiLSTM+BiLSTM,30,85.37,83.12,88.76,85.85,4,7,GELU+Tanh,LSTM,True
GELU,GELU,BiLSTM+BiLSTM,30,87.18,88.19,85.86,87.01,5,8,GELU+GELU,LSTM,True
GELU,SiLU,BiLSTM+BiLSTM,30,86.64,88.78,83.88,86.26,5,8,GELU+SiLU,LSTM,True
GELU,Mish,BiLSTM+BiLSTM,30,87.2,89.11,84.76,86.88,5,8,GELU+Mish,LSTM,True
GELU,SELU,BiLSTM+BiLSTM,30,86.81,85.02,89.36,87.14,6,9,GELU+SELU,LSTM,True
GELU,PReLU,BiLSTM+BiLSTM,30,86.85,86.56,87.24,86.9,5,8,GELU+PReLU,LSTM,True
GELU,Hardswish,BiLSTM+BiLSTM,30,85.51,86.57,84.06,85.3,5,8,GELU+Hardswish,LSTM,True
SiLU,ReLU,BiLSTM+BiLSTM,30,86.73,87.86,85.24,86.53,5,8,SiLU+ReLU,LSTM,True
SiLU,ELU,BiLSTM+BiLSTM,30,87.67,87.71,87.62,87.66,5,8,SiLU+ELU,LSTM,True
SiLU,LeakyReLU,BiLSTM+BiLSTM,30,86.39,89.63,82.3,85.81,5,8,SiLU+LeakyReLU,LSTM,True
SiLU,Tanh,BiLSTM+BiLSTM,30,86.48,87.94,84.56,86.22,5,8,SiLU+Tanh,LSTM,True
SiLU,GELU,BiLSTM+BiLSTM,30,87.33,85.98,89.2,87.56,6,9,SiLU+GELU,LSTM,True
SiLU,SiLU,BiLSTM+BiLSTM,30,85.29,83.94,87.28,85.58,4,7,SiLU+SiLU,LSTM,True
SiLU,Mish,BiLSTM+BiLSTM,30,86.39,89.58,82.36,85.82,5,8,SiLU+Mish,LSTM,True
SiLU,SELU,BiLSTM+BiLSTM,30,86.54,85.48,88.04,86.74,6,9,SiLU+SELU,LSTM,True
SiLU,PReLU,BiLSTM+BiLSTM,30,86.3,85.01,88.14,86.55,5,8,SiLU+PReLU,LSTM,True
SiLU,Hardswish,BiLSTM+BiLSTM,30,86.21,89.83,81.66,85.55,5,8,SiLU+Hardswish,LSTM,True
Mish,ReLU,BiLSTM+BiLSTM,30,87.16,87.2,87.1,87.15,5,8,Mish+ReLU,LSTM,True
Mish,ELU,BiLSTM+BiLSTM,30,87.33,85.04,90.6,87.73,5,8,Mish+ELU,LSTM,True
Mish,LeakyReLU,BiLSTM+BiLSTM,30,86.82,87.12,86.42,86.77,4,7,Mish+LeakyReLU,LSTM,True
Mish,Tanh,BiLSTM+BiLSTM,30,86.75,89.64,83.1,86.25,5,8,Mish+Tanh,LSTM,True
Mish,GELU,BiLSTM+BiLSTM,30,87.05,85.29,89.54,87.36,5,8,Mish+GELU,LSTM,True
Mish,SiLU,BiLSTM+BiLSTM,30,86.91,87.35,86.32,86.83,5,8,Mish+SiLU,LSTM,True
Mish,Mish,BiLSTM+BiLSTM,30,87.08,88.43,85.32,86.85,5,8,Mish+Mish,LSTM,True
Mish,SELU,BiLSTM+BiLSTM,30,86.68,85.68,88.08,86.86,4,7,Mish+SELU,LSTM,True
Mish,PReLU,BiLSTM+BiLSTM,30,87.0,85.02,89.82,87.36,5,8,Mish+PReLU,LSTM,True
Mish,Hardswish,BiLSTM+BiLSTM,30,86.85,84.52,90.22,87.28,5,8,Mish+Hardswish,LSTM,True
SELU,ReLU,BiLSTM+BiLSTM,30,86.61,88.86,83.72,86.21,5,8,SELU+ReLU,LSTM,True
SELU,ELU,BiLSTM+BiLSTM,30,87.05,87.75,86.12,86.93,5,8,SELU+ELU,LSTM,True
SELU,LeakyReLU,BiLSTM+BiLSTM,30,87.02,84.44,90.76,87.49,6,9,SELU+LeakyReLU,LSTM,True
SELU,Tanh,BiLSTM+BiLSTM,30,87.05,87.0,87.12,87.06,5,8,SELU+Tanh,LSTM,True
SELU,GELU,BiLSTM+BiLSTM,30,85.9,87.63,83.6,85.57,4,7,SELU+GELU,LSTM,True
SELU,SiLU,BiLSTM+BiLSTM,30,86.49,89.57,82.6,85.94,5,8,SELU+SiLU,LSTM,True
SELU,Mish,BiLSTM+BiLSTM,30,87.2,85.99,88.88,87.41,5,8,SELU+Mish,LSTM,True
SELU,SELU,BiLSTM+BiLSTM,30,87.14,86.89,87.48,87.18,4,7,SELU+SELU,LSTM,True
SELU,PReLU,BiLSTM+BiLSTM,30,86.13,87.16,84.74,85.93,6,9,SELU+PReLU,LSTM,True
SELU,Hardswish,BiLSTM+BiLSTM,30,86.96,85.15,89.54,87.29,5,8,SELU+Hardswish,LSTM,True
PReLU,ReLU,BiLSTM+BiLSTM,30,86.75,89.95,82.74,86.2,5,8,PReLU+ReLU,LSTM,True
PReLU,ELU,BiLSTM+BiLSTM,30,87.32,87.04,87.7,87.37,5,8,PReLU+ELU,LSTM,True
PReLU,LeakyReLU,BiLSTM+BiLSTM,30,87.39,87.12,87.76,87.44,5,8,PReLU+LeakyReLU,LSTM,True
PReLU,Tanh,BiLSTM+BiLSTM,30,86.36,85.69,87.3,86.49,4,7,PReLU+Tanh,LSTM,True
PReLU,GELU,BiLSTM+BiLSTM,30,86.68,88.26,84.62,86.4,5,8,PReLU+GELU,LSTM,True
PReLU,SiLU,BiLSTM+BiLSTM,30,87.14,86.38,88.18,87.27,6,9,PReLU+SiLU,LSTM,True
PReLU,Mish,BiLSTM+BiLSTM,30,86.27,87.35,84.82,86.07,5,8,PReLU+Mish,LSTM,True
PReLU,SELU,BiLSTM+BiLSTM,30,86.35,87.01,85.46,86.23,5,8,PReLU+SELU,LSTM,True
PReLU,PReLU,BiLSTM+BiLSTM,30,86.06,89.14,82.12,85.49,5,8,PReLU+PReLU,LSTM,True
PReLU,Hardswish,BiLSTM+BiLSTM,30,86.78,89.26,83.62,86.35,5,8,PReLU+Hardswish,LSTM,True
Hardswish,ReLU,BiLSTM+BiLSTM,30,87.02,84.85,90.14,87.41,6,9,Hardswish+ReLU,LSTM,True
Hardswish,ELU,BiLSTM+BiLSTM,30,87.53,87.09,88.12,87.6,5,8,Hardswish+ELU,LSTM,True
Hardswish,LeakyReLU,BiLSTM+BiLSTM,30,87.37,88.79,85.54,87.13,5,8,Hardswish+LeakyReLU,LSTM,True
Hardswish,Tanh,BiLSTM+BiLSTM,30,87.38,86.81,88.16,87.48,5,8,Hardswish+Tanh,LSTM,True
Hardswish,GELU,BiLSTM+BiLSTM,30,87.29,84.77,90.92,87.74,5,8,Hardswish+GELU,LSTM,True
Hardswish,SiLU,BiLSTM+BiLSTM,30,87.07,84.9,90.18,87.46,5,8,Hardswish+SiLU,LSTM,True
Hardswish,Mish,BiLSTM+BiLSTM,30,86.74,86.67,86.84,86.75,5,8,Hardswish+Mish,LSTM,True
Hardswish,SELU,BiLSTM+BiLSTM,30,86.63,87.88,84.98,86.41,5,8,Hardswish+SELU,LSTM,True
Hardswish,PReLU,BiLSTM+BiLSTM,30,86.02,89.24,81.92,85.42,5,8,Hardswish+PReLU,LSTM,True
Hardswish,Hardswish,BiLSTM+BiLSTM,30,87.23,87.43,86.96,87.2,5,8,Hardswish+Hardswish,LSTM,True
ReLU,ReLU,BiLSTM+BiLSTM,40,87.15,84.67,90.72,87.59,5,8,ReLU+ReLU,LSTM,True
ReLU,ELU,BiLSTM+BiLSTM,40,87.45,86.91,88.18,87.54,6,9,ReLU+ELU,LSTM,True
ReLU,LeakyReLU,BiLSTM+BiLSTM,40,86.4,85.76,87.3,86.52,5,8,ReLU+LeakyReLU,LSTM,True
ReLU,Tanh,BiLSTM+BiLSTM,40,87.26,87.08,87.5,87.29,6,9,ReLU+Tanh,LSTM,True
ReLU,GELU,BiLSTM+BiLSTM,40,87.13,88.86,84.9,86.84,6,9,ReLU+GELU,LSTM,True
ReLU,SiLU,BiLSTM+BiLSTM,40,87.26,88.86,85.2,86.99,4,7,ReLU+SiLU,LSTM,True
ReLU,Mish,BiLSTM+BiLSTM,40,86.46,88.57,83.72,86.08,6,9,ReLU+Mish,LSTM,True
ReLU,SELU,BiLSTM+BiLSTM,40,86.62,89.21,83.32,86.16,6,9,ReLU+SELU,LSTM,True
ReLU,PReLU,BiLSTM+BiLSTM,40,86.92,87.54,86.1,86.81,6,9,ReLU+PReLU,LSTM,True
ReLU,Hardswish,BiLSTM+BiLSTM,40,87.12,89.41,84.22,86.74,6,9,ReLU+Hardswish,LSTM,True
ELU,ReLU,BiLSTM+BiLSTM,40,87.2,85.44,89.68,87.51,5,8,ELU+ReLU,LSTM,True
ELU,ELU,BiLSTM+BiLSTM,40,87.36,87.23,87.54,87.38,6,9,ELU+ELU,LSTM,True
ELU,LeakyReLU,BiLSTM+BiLSTM,40,86.78,87.58,85.72,86.64,6,9,ELU+LeakyReLU,LSTM,True
ELU,Tanh,BiLSTM+BiLSTM,40,86.14,87.04,84.92,85.97,4,7,ELU+Tanh,LSTM,True
ELU,GELU,BiLSTM+BiLSTM,40,87.16,86.25,88.42,87.32,6,9,ELU+GELU,LSTM,True
ELU,SiLU,BiLSTM+BiLSTM,40,86.34,87.71,84.52,86.09,4,7,ELU+SiLU,LSTM,True
ELU,Mish,BiLSTM+BiLSTM,40,86.2,87.2,84.86,86.01,6,9,ELU+Mish,LSTM,True
ELU,SELU,BiLSTM+BiLSTM,40,85.95,88.65,82.46,85.44,4,7,ELU+SELU,LSTM,True
ELU,PReLU,BiLSTM+BiLSTM,40,86.72,87.2,86.08,86.63,6,9,ELU+PReLU,LSTM,True
ELU,Hardswish,BiLSTM+BiLSTM,40,86.11,89.07,82.32,85.56,6,9,ELU+Hardswish,LSTM,True
LeakyReLU,ReLU,BiLSTM+BiLSTM,40,86.41,87.59,84.84,86.19,6,9,LeakyReLU+ReLU,LSTM,True
LeakyReLU,ELU,BiLSTM+BiLSTM,40,86.73,87.29,85.98,86.63,6,9,LeakyReLU+ELU,LSTM,True
LeakyReLU,LeakyReLU,BiLSTM+BiLSTM,40,86.5,87.66,84.96,86.29,6,9,LeakyReLU+LeakyReLU,LSTM,True
LeakyReLU,Tanh,BiLSTM+BiLSTM,40,86.47,86.29,86.72,86.5,6,9,LeakyReLU+Tanh,LSTM,True
LeakyReLU,GELU,BiLSTM+BiLSTM,40,86.51,86.8,86.12,86.46,4,7,LeakyReLU+GELU,LSTM,True
LeakyReLU,SiLU,BiLSTM+BiLSTM,40,87.47,86.57,88.7,87.62,6,9,LeakyReLU+SiLU,LSTM,True
LeakyReLU,Mish,BiLSTM+BiLSTM,40,87.09,86.8,87.48,87.14,6,9,LeakyReLU+Mish,LSTM,True
LeakyReLU,SELU,BiLSTM+BiLSTM,40,86.36,87.67,84.62,86.12,6,9,LeakyReLU+SELU,LSTM,True
LeakyReLU,PReLU,BiLSTM+BiLSTM,40,86.77,88.07,85.06,86.54,6,9,LeakyReLU+PReLU,LSTM,True
LeakyReLU,Hardswish,BiLSTM+BiLSTM,40,87.44,88.68,85.84,87.24,6,9,LeakyReLU+Hardswish,LSTM,True
Tanh,ReLU,BiLSTM+BiLSTM,40,86.59,86.52,86.68,86.6,6,9,Tanh+ReLU,LSTM,True
Tanh,ELU,BiLSTM+BiLSTM,40,86.72,87.06,86.26,86.66,4,7,Tanh+ELU,LSTM,True
Tanh,LeakyReLU,BiLSTM+BiLSTM,40,86.8,86.39,87.36,86.87,4,7,Tanh+LeakyReLU,LSTM,True
Tanh,Tanh,BiLSTM+BiLSTM,40,85.62,89.4,80.82,84.89,4,7,Tanh+Tanh,LSTM,True
Tanh,GELU,BiLSTM+BiLSTM,40,86.48,87.75,84.8,86.25,4,7,Tanh+GELU,LSTM,True
Tanh,SiLU,BiLSTM+BiLSTM,40,84.84,90.31,78.06,83.74,4,7,Tanh+SiLU,LSTM,True
Tanh,Mish,BiLSTM+BiLSTM,40,86.23,90.05,81.46,85.54,4,7,Tanh+Mish,LSTM,True
Tanh,SELU,BiLSTM+BiLSTM,40,87.21,87.35,87.02,87.19,6,9,Tanh+SELU,LSTM,True
Tanh,PReLU,BiLSTM+BiLSTM,40,87.06,85.09,89.86,87.41,5,8,Tanh+PReLU,LSTM,True
Tanh,Hardswish,BiLSTM+BiLSTM,40,86.39,88.99,83.06,85.92,4,7,Tanh+Hardswish,LSTM,True
GELU,ReLU,BiLSTM+BiLSTM,40,86.27,89.78,81.86,85.64,4,7,GELU+ReLU,LSTM,True
GELU,ELU,BiLSTM+BiLSTM,40,86.88,88.72,84.5,86.56,6,9,GELU+ELU,LSTM,True
GELU,LeakyReLU,BiLSTM+BiLSTM,40,86.85,84.14,90.82,87.35,6,9,GELU+LeakyReLU,LSTM,True
GELU,Tanh,BiLSTM+BiLSTM,40,86.11,88.95,82.46,85.58,4,7,GELU+Tanh,LSTM,True
GELU,GELU,BiLSTM+BiLSTM,40,86.41,87.45,85.02,86.22,4,7,GELU+GELU,LSTM,True
GELU,SiLU,BiLSTM+BiLSTM,40,86.46,88.49,83.82,86.09,4,7,GELU+SiLU,LSTM,True
GELU,Mish,BiLSTM+BiLSTM,40,86.61,88.3,84.4,86.31,4,7,GELU+Mish,LSTM,True
GELU,SELU,BiLSTM+BiLSTM,40,85.48,87.95,82.22,84.99,4,7,GELU+SELU,LSTM,True
GELU,PReLU,BiLSTM+BiLSTM,40,85.65,90.8,79.34,84.68,4,7,GELU+PReLU,LSTM,True
GELU,Hardswish,BiLSTM+BiLSTM,40,87.21,86.76,87.82,87.29,5,8,GELU+Hardswish,LSTM,True
SiLU,ReLU,BiLSTM+BiLSTM,40,86.74,84.98,89.26,87.07,6,9,SiLU+ReLU,LSTM,True
SiLU,ELU,BiLSTM+BiLSTM,40,87.02,88.94,84.56,86.69,6,9,SiLU+ELU,LSTM,True
SiLU,LeakyReLU,BiLSTM+BiLSTM,40,86.18,89.21,82.32,85.63,4,7,SiLU+LeakyReLU,LSTM,True
SiLU,Tanh,BiLSTM+BiLSTM,40,86.54,88.0,84.62,86.28,4,7,SiLU+Tanh,LSTM,True
SiLU,GELU,BiLSTM+BiLSTM,40,87.08,88.48,85.26,86.84,6,9,SiLU+GELU,LSTM,True
SiLU,SiLU,BiLSTM+BiLSTM,40,86.75,90.36,82.28,86.13,6,9,SiLU+SiLU,LSTM,True
SiLU,Mish,BiLSTM+BiLSTM,40,86.16,88.65,82.94,85.7,4,7,SiLU+Mish,LSTM,True
SiLU,SELU,BiLSTM+BiLSTM,40,86.32,87.71,84.48,86.06,4,7,SiLU+SELU,LSTM,True
SiLU,PReLU,BiLSTM+BiLSTM,40,85.37,89.93,79.66,84.48,4,7,SiLU+PReLU,LSTM,True
SiLU,Hardswish,BiLSTM+BiLSTM,40,86.38,89.3,82.66,85.85,4,7,SiLU+Hardswish,LSTM,True
Mish,ReLU,BiLSTM+BiLSTM,40,86.89,88.87,84.34,86.55,4,7,Mish+ReLU,LSTM,True
Mish,ELU,BiLSTM+BiLSTM,40,86.75,87.43,85.84,86.63,6,9,Mish+ELU,LSTM,True
Mish,LeakyReLU,BiLSTM+BiLSTM,40,87.14,85.78,89.04,87.38,6,9,Mish+LeakyReLU,LSTM,True
Mish,Tanh,BiLSTM+BiLSTM,40,85.64,89.72,80.5,84.86,4,7,Mish+Tanh,LSTM,True
Mish,GELU,BiLSTM+BiLSTM,40,87.04,87.44,86.5,86.97,5,8,Mish+GELU,LSTM,True
Mish,SiLU,BiLSTM+BiLSTM,40,87.21,86.76,87.82,87.29,5,8,Mish+SiLU,LSTM,True
Mish,Mish,BiLSTM+BiLSTM,40,86.26,89.36,82.32,85.7,4,7,Mish+Mish,LSTM,True
Mish,SELU,BiLSTM+BiLSTM,40,86.2,88.33,83.42,85.81,4,7,Mish+SELU,LSTM,True
Mish,PReLU,BiLSTM+BiLSTM,40,86.46,88.17,84.22,86.15,6,9,Mish+PReLU,LSTM,True
Mish,Hardswish,BiLSTM+BiLSTM,40,86.33,87.74,84.46,86.07,4,7,Mish+Hardswish,LSTM,True
SELU,ReLU,BiLSTM+BiLSTM,40,86.58,87.37,85.52,86.44,4,7,SELU+ReLU,LSTM,True
SELU,ELU,BiLSTM+BiLSTM,40,86.86,87.98,85.38,86.66,6,9,SELU+ELU,LSTM,True
SELU,LeakyReLU,BiLSTM+BiLSTM,40,86.7,86.44,87.06,86.75,5,8,SELU+LeakyReLU,LSTM,True
SELU,Tanh,BiLSTM+BiLSTM,40,85.47,88.35,81.72,84.9,4,7,SELU+Tanh,LSTM,True
SELU,GELU,BiLSTM+BiLSTM,40,86.86,88.3,84.98,86.61,4,7,SELU+GELU,LSTM,True
SELU,SiLU,BiLSTM+BiLSTM,40,87.23,87.87,86.38,87.12,6,9,SELU+SiLU,LSTM,True
SELU,Mish,BiLSTM+BiLSTM,40,86.66,88.64,84.1,86.31,4,7,SELU+Mish,LSTM,True
SELU,SELU,BiLSTM+BiLSTM,40,86.51,87.11,85.7,86.4,4,7,SELU+SELU,LSTM,True
SELU,PReLU,BiLSTM+BiLSTM,40,87.17,85.05,90.2,87.55,6,9,SELU+PReLU,LSTM,True
SELU,Hardswish,BiLSTM+BiLSTM,40,86.57,87.32,85.56,86.43,4,7,SELU+Hardswish,LSTM,True
PReLU,ReLU,BiLSTM+BiLSTM,40,86.61,89.0,83.54,86.19,4,7,PReLU+ReLU,LSTM,True
PReLU,ELU,BiLSTM+BiLSTM,40,86.5,85.48,87.94,86.69,6,9,PReLU+ELU,LSTM,True
PReLU,LeakyReLU,BiLSTM+BiLSTM,40,86.58,88.06,84.64,86.31,5,8,PReLU+LeakyReLU,LSTM,True
PReLU,Tanh,BiLSTM+BiLSTM,40,87.09,85.81,88.88,87.32,5,8,PReLU+Tanh,LSTM,True
PReLU,GELU,BiLSTM+BiLSTM,40,86.15,87.98,83.74,85.81,6,9,PReLU+GELU,LSTM,True
PReLU,SiLU,BiLSTM+BiLSTM,40,86.42,85.8,87.28,86.54,4,7,PReLU+SiLU,LSTM,True
PReLU,Mish,BiLSTM+BiLSTM,40,86.38,88.36,83.8,86.02,4,7,PReLU+Mish,LSTM,True
PReLU,SELU,BiLSTM+BiLSTM,40,85.97,87.86,83.48,85.61,4,7,PReLU+SELU,LSTM,True
PReLU,PReLU,BiLSTM+BiLSTM,40,87.11,87.48,86.62,87.05,6,9,PReLU+PReLU,LSTM,True
PReLU,Hardswish,BiLSTM+BiLSTM,40,86.77,86.98,86.48,86.73,6,9,PReLU+Hardswish,LSTM,True
Hardswish,ReLU,BiLSTM+BiLSTM,40,86.54,85.88,87.46,86.66,6,9,Hardswish+ReLU,LSTM,True
Hardswish,ELU,BiLSTM+BiLSTM,40,86.43,85.1,88.32,86.68,4,7,Hardswish+ELU,LSTM,True
Hardswish,LeakyReLU,BiLSTM+BiLSTM,40,86.83,89.42,83.54,86.38,6,9,Hardswish+LeakyReLU,LSTM,True
Hardswish,Tanh,BiLSTM+BiLSTM,40,86.57,86.69,86.4,86.55,4,7,Hardswish+Tanh,LSTM,True
Hardswish,GELU,BiLSTM+BiLSTM,40,87.79,87.36,88.36,87.86,5,8,Hardswish+GELU,LSTM,True
Hardswish,SiLU,BiLSTM+BiLSTM,40,85.88,89.15,81.7,85.26,4,7,Hardswish+SiLU,LSTM,True
Hardswish,Mish,BiLSTM+BiLSTM,40,86.75,88.61,84.34,86.42,6,9,Hardswish+Mish,LSTM,True
Hardswish,SELU,BiLSTM+BiLSTM,40,86.4,87.95,84.36,86.12,4,7,Hardswish+SELU,LSTM,True
Hardswish,PReLU,BiLSTM+BiLSTM,40,86.62,85.78,87.8,86.78,4,7,Hardswish+PReLU,LSTM,True
Hardswish,Hardswish,BiLSTM+BiLSTM,40,86.02,87.51,84.04,85.74,6,9,Hardswish+Hardswish,LSTM,True
ReLU,ReLU,BiLSTM+BiLSTM,50,86.91,87.49,86.14,86.81,5,8,ReLU+ReLU,LSTM,True
ReLU,ELU,BiLSTM+BiLSTM,50,86.92,84.84,89.9,87.3,5,8,ReLU+ELU,LSTM,True
ReLU,LeakyReLU,BiLSTM+BiLSTM,50,86.54,85.05,88.66,86.82,4,7,ReLU+LeakyReLU,LSTM,True
ReLU,Tanh,BiLSTM+BiLSTM,50,86.12,87.81,83.88,85.8,5,8,ReLU+Tanh,LSTM,True
ReLU,GELU,BiLSTM+BiLSTM,50,86.81,86.82,86.8,86.81,6,9,ReLU+GELU,LSTM,True
ReLU,SiLU,BiLSTM+BiLSTM,50,86.21,84.44,88.78,86.56,4,7,ReLU+SiLU,LSTM,True
ReLU,Mish,BiLSTM+BiLSTM,50,86.81,85.66,88.42,87.02,5,8,ReLU+Mish,LSTM,True
ReLU,SELU,BiLSTM+BiLSTM,50,86.79,86.08,87.78,86.92,6,9,ReLU+SELU,LSTM,True
ReLU,PReLU,BiLSTM+BiLSTM,50,86.7,85.4,88.54,86.94,6,9,ReLU+PReLU,LSTM,True
ReLU,Hardswish,BiLSTM+BiLSTM,50,86.83,85.69,88.42,87.04,4,7,ReLU+Hardswish,LSTM,True
ELU,ReLU,BiLSTM+BiLSTM,50,86.81,87.74,85.58,86.65,7,10,ELU+ReLU,LSTM,True
ELU,ELU,BiLSTM+BiLSTM,50,86.34,84.58,88.88,86.68,4,7,ELU+ELU,LSTM,True
ELU,LeakyReLU,BiLSTM+BiLSTM,50,86.76,88.15,84.94,86.51,5,8,ELU+LeakyReLU,LSTM,True
ELU,Tanh,BiLSTM+BiLSTM,50,86.3,86.98,85.38,86.17,5,8,ELU+Tanh,LSTM,True
ELU,GELU,BiLSTM+BiLSTM,50,87.38,85.85,89.52,87.64,5,8,ELU+GELU,LSTM,True
ELU,SiLU,BiLSTM+BiLSTM,50,86.74,88.0,85.08,86.52,6,9,ELU+SiLU,LSTM,True
ELU,Mish,BiLSTM+BiLSTM,50,86.91,88.46,84.9,86.64,5,8,ELU+Mish,LSTM,True
ELU,SELU,BiLSTM+BiLSTM,50,87.07,84.85,90.26,87.47,4,7,ELU+SELU,LSTM,True
ELU,PReLU,BiLSTM+BiLSTM,50,87.53,86.69,88.68,87.67,6,9,ELU+PReLU,LSTM,True
ELU,Hardswish,BiLSTM+BiLSTM,50,87.38,87.2,87.62,87.41,5,8,ELU+Hardswish,LSTM,True
LeakyReLU,ReLU,BiLSTM+BiLSTM,50,86.55,85.58,87.92,86.73,4,7,LeakyReLU+ReLU,LSTM,True
LeakyReLU,ELU,BiLSTM+BiLSTM,50,86.45,85.44,87.88,86.64,6,9,LeakyReLU+ELU,LSTM,True
LeakyReLU,LeakyReLU,BiLSTM+BiLSTM,50,86.69,85.63,88.18,86.89,6,9,LeakyReLU+LeakyReLU,LSTM,True
LeakyReLU,Tanh,BiLSTM+BiLSTM,50,86.97,87.29,86.54,86.91,5,8,LeakyReLU+Tanh,LSTM,True
LeakyReLU,GELU,BiLSTM+BiLSTM,50,86.56,84.1,90.16,87.03,6,9,LeakyReLU+GELU,LSTM,True
LeakyReLU,SiLU,BiLSTM+BiLSTM,50,85.79,85.12,86.74,85.92,4,7,LeakyReLU+SiLU,LSTM,True
LeakyReLU,Mish,BiLSTM+BiLSTM,50,86.88,87.9,85.54,86.7,5,8,LeakyReLU+Mish,LSTM,True
LeakyReLU,SELU,BiLSTM+BiLSTM,50,86.1,83.23,90.42,86.68,4,7,LeakyReLU+SELU,LSTM,True
LeakyReLU,PReLU,BiLSTM+BiLSTM,50,86.23,87.94,83.98,85.91,5,8,LeakyReLU+PReLU,LSTM,True
LeakyReLU,Hardswish,BiLSTM+BiLSTM,50,85.76,83.32,89.42,86.26,6,9,LeakyReLU+Hardswish,LSTM,True
Tanh,ReLU,BiLSTM+BiLSTM,50,87.09,86.03,88.56,87.28,5,8,Tanh+ReLU,LSTM,True
Tanh,ELU,BiLSTM+BiLSTM,50,86.43,84.62,89.04,86.78,4,7,Tanh+ELU,LSTM,True
Tanh,LeakyReLU,BiLSTM+BiLSTM,50,86.87,86.91,86.82,86.86,5,8,Tanh+LeakyReLU,LSTM,True
Tanh,Tanh,BiLSTM+BiLSTM,50,85.76,90.62,79.78,84.85,5,8,Tanh+Tanh,LSTM,True
Tanh,GELU,BiLSTM+BiLSTM,50,85.16,85.13,85.2,85.17,4,7,Tanh+GELU,LSTM,True
Tanh,SiLU,BiLSTM+BiLSTM,50,86.82,88.01,85.26,86.61,5,8,Tanh+SiLU,LSTM,True
Tanh,Mish,BiLSTM+BiLSTM,50,86.97,88.73,84.7,86.67,5,8,Tanh+Mish,LSTM,True
Tanh,SELU,BiLSTM+BiLSTM,50,87.32,87.08,87.64,87.36,5,8,Tanh+SELU,LSTM,True
Tanh,PReLU,BiLSTM+BiLSTM,50,86.25,83.8,89.88,86.73,4,7,Tanh+PReLU,LSTM,True
Tanh,Hardswish,BiLSTM+BiLSTM,50,86.2,86.54,85.74,86.14,5,8,Tanh+Hardswish,LSTM,True
GELU,ReLU,BiLSTM+BiLSTM,50,87.17,85.46,89.58,87.47,6,9,GELU+ReLU,LSTM,True
GELU,ELU,BiLSTM+BiLSTM,50,87.08,87.01,87.18,87.09,5,8,GELU+ELU,LSTM,True
GELU,LeakyReLU,BiLSTM+BiLSTM,50,87.03,87.13,86.9,87.01,6,9,GELU+LeakyReLU,LSTM,True
GELU,Tanh,BiLSTM+BiLSTM,50,86.3,88.45,83.5,85.91,5,8,GELU+Tanh,LSTM,True
GELU,GELU,BiLSTM+BiLSTM,50,86.78,85.71,88.28,86.98,4,7,GELU+GELU,LSTM,True
GELU,SiLU,BiLSTM+BiLSTM,50,86.95,88.24,85.26,86.73,5,8,GELU+SiLU,LSTM,True
GELU,Mish,BiLSTM+BiLSTM,50,87.1,87.69,86.32,87.0,5,8,GELU+Mish,LSTM,True
GELU,SELU,BiLSTM+BiLSTM,50,87.17,86.09,88.66,87.36,5,8,GELU+SELU,LSTM,True
GELU,PReLU,BiLSTM+BiLSTM,50,86.9,86.78,87.06,86.92,5,8,GELU+PReLU,LSTM,True
GELU,Hardswish,BiLSTM+BiLSTM,50,86.73,86.06,87.66,86.85,4,7,GELU+Hardswish,LSTM,True
SiLU,ReLU,BiLSTM+BiLSTM,50,86.86,89.05,84.06,86.48,5,8,SiLU+ReLU,LSTM,True
SiLU,ELU,BiLSTM+BiLSTM,50,87.03,85.72,88.86,87.26,6,9,SiLU+ELU,LSTM,True
SiLU,LeakyReLU,BiLSTM+BiLSTM,50,86.32,86.78,85.7,86.23,5,8,SiLU+LeakyReLU,LSTM,True
SiLU,Tanh,BiLSTM+BiLSTM,50,86.95,87.51,86.2,86.85,5,8,SiLU+Tanh,LSTM,True
SiLU,GELU,BiLSTM+BiLSTM,50,86.66,87.05,86.14,86.59,5,8,SiLU+GELU,LSTM,True
SiLU,SiLU,BiLSTM+BiLSTM,50,86.75,87.89,85.24,86.55,4,7,SiLU+SiLU,LSTM,True
SiLU,Mish,BiLSTM+BiLSTM,50,86.75,88.21,84.84,86.49,5,8,SiLU+Mish,LSTM,True
SiLU,SELU,BiLSTM+BiLSTM,50,87.23,86.94,87.62,87.28,6,9,SiLU+SELU,LSTM,True
SiLU,PReLU,BiLSTM+BiLSTM,50,86.14,86.53,85.6,86.06,5,8,SiLU+PReLU,LSTM,True
SiLU,Hardswish,BiLSTM+BiLSTM,50,86.69,84.96,89.16,87.01,6,9,SiLU+Hardswish,LSTM,True
Mish,ReLU,BiLSTM+BiLSTM,50,86.54,88.56,83.92,86.18,5,8,Mish+ReLU,LSTM,True
Mish,ELU,BiLSTM+BiLSTM,50,86.46,86.62,86.24,86.43,5,8,Mish+ELU,LSTM,True
Mish,LeakyReLU,BiLSTM+BiLSTM,50,86.89,85.1,89.44,87.22,5,8,Mish+LeakyReLU,LSTM,True
Mish,Tanh,BiLSTM+BiLSTM,50,86.82,88.82,84.24,86.47,5,8,Mish+Tanh,LSTM,True
Mish,GELU,BiLSTM+BiLSTM,50,87.29,85.88,89.26,87.54,6,9,Mish+GELU,LSTM,True
Mish,SiLU,BiLSTM+BiLSTM,50,86.73,87.35,85.9,86.62,5,8,Mish+SiLU,LSTM,True
Mish,Mish,BiLSTM+BiLSTM,50,87.04,87.31,86.68,86.99,6,9,Mish+Mish,LSTM,True
Mish,SELU,BiLSTM+BiLSTM,50,87.25,85.84,89.22,87.5,6,9,Mish+SELU,LSTM,True
Mish,PReLU,BiLSTM+BiLSTM,50,86.34,86.53,86.08,86.3,5,8,Mish+PReLU,LSTM,True
Mish,Hardswish,BiLSTM+BiLSTM,50,86.52,84.58,89.32,86.89,6,9,Mish+Hardswish,LSTM,True
SELU,ReLU,BiLSTM+BiLSTM,50,86.58,84.69,89.3,86.94,5,8,SELU+ReLU,LSTM,True
SELU,ELU,BiLSTM+BiLSTM,50,86.79,86.19,87.62,86.9,4,7,SELU+ELU,LSTM,True
SELU,LeakyReLU,BiLSTM+BiLSTM,50,86.48,88.08,84.38,86.19,7,10,SELU+LeakyReLU,LSTM,True
SELU,Tanh,BiLSTM+BiLSTM,50,86.33,83.62,90.36,86.86,4,7,SELU+Tanh,LSTM,True
SELU,GELU,BiLSTM+BiLSTM,50,86.4,84.65,88.92,86.73,5,8,SELU+GELU,LSTM,True
SELU,SiLU,BiLSTM+BiLSTM,50,86.79,88.11,85.06,86.56,4,7,SELU+SiLU,LSTM,True
SELU,Mish,BiLSTM+BiLSTM,50,86.32,86.79,85.68,86.23,4,7,SELU+Mish,LSTM,True
SELU,SELU,BiLSTM+BiLSTM,50,85.52,81.71,91.52,86.34,4,7,SELU+SELU,LSTM,True
SELU,PReLU,BiLSTM+BiLSTM,50,86.56,87.68,85.08,86.36,5,8,SELU+PReLU,LSTM,True
SELU,Hardswish,BiLSTM+BiLSTM,50,86.7,88.88,83.9,86.32,5,8,SELU+Hardswish,LSTM,True
PReLU,ReLU,BiLSTM+BiLSTM,50,86.87,85.17,89.28,87.18,6,9,PReLU+ReLU,LSTM,True
PReLU,ELU,BiLSTM+BiLSTM,50,86.56,85.5,88.06,86.76,4,7,PReLU+ELU,LSTM,True
PReLU,LeakyReLU,BiLSTM+BiLSTM,50,87.05,89.02,84.52,86.71,5,8,PReLU+LeakyReLU,LSTM,True
PReLU,Tanh,BiLSTM+BiLSTM,50,87.14,86.18,88.46,87.31,6,9,PReLU+Tanh,LSTM,True
PReLU,GELU,BiLSTM+BiLSTM,50,86.53,86.45,86.64,86.54,6,9,PReLU+GELU,LSTM,True
PReLU,SiLU,BiLSTM+BiLSTM,50,86.76,86.42,87.22,86.82,5,8,PReLU+SiLU,LSTM,True
PReLU,Mish,BiLSTM+BiLSTM,50,87.27,88.15,86.12,87.12,5,8,PReLU+Mish,LSTM,True
PReLU,SELU,BiLSTM+BiLSTM,50,86.53,86.54,86.52,86.53,4,7,PReLU+SELU,LSTM,True
PReLU,PReLU,BiLSTM+BiLSTM,50,86.96,84.96,89.82,87.32,6,9,PReLU+PReLU,LSTM,True
PReLU,Hardswish,BiLSTM+BiLSTM,50,86.63,84.58,89.6,87.02,5,8,PReLU+Hardswish,LSTM,True
Hardswish,ReLU,BiLSTM+BiLSTM,50,86.44,86.78,85.98,86.38,4,7,Hardswish+ReLU,LSTM,True
Hardswish,ELU,BiLSTM+BiLSTM,50,86.32,84.88,88.38,86.6,6,9,Hardswish+ELU,LSTM,True
Hardswish,LeakyReLU,BiLSTM+BiLSTM,50,87.41,86.08,89.26,87.64,6,9,Hardswish+LeakyReLU,LSTM,True
Hardswish,Tanh,BiLSTM+BiLSTM,50,87.18,86.65,87.9,87.27,6,9,Hardswish+Tanh,LSTM,True
Hardswish,GELU,BiLSTM+BiLSTM,50,86.78,87.92,85.28,86.58,5,8,Hardswish+GELU,LSTM,True
Hardswish,SiLU,BiLSTM+BiLSTM,50,86.76,87.39,85.92,86.65,5,8,Hardswish+SiLU,LSTM,True
Hardswish,Mish,BiLSTM+BiLSTM,50,86.43,85.95,87.1,86.52,4,7,Hardswish+Mish,LSTM,True
Hardswish,SELU,BiLSTM+BiLSTM,50,87.01,88.23,85.42,86.8,6,9,Hardswish+SELU,LSTM,True
Hardswish,PReLU,BiLSTM+BiLSTM,50,86.67,86.77,86.54,86.65,5,8,Hardswish+PReLU,LSTM,True
Hardswish,Hardswish,BiLSTM+BiLSTM,50,86.8,86.51,87.2,86.85,5,8,Hardswish+Hardswish,LSTM,True
ReLU,ReLU,BiGRU+BiGRU,10,87.79,87.77,87.82,87.79,3,6,ReLU+ReLU,GRU,True
ReLU,ELU,BiGRU+BiGRU,10,87.28,89.09,84.96,86.98,2,5,ReLU+ELU,GRU,True
ReLU,LeakyReLU,BiGRU+BiGRU,10,87.44,88.53,86.02,87.26,3,6,ReLU+LeakyReLU,GRU,True
ReLU,Tanh,BiGRU+BiGRU,10,87.65,89.19,85.68,87.4,3,6,ReLU+Tanh,GRU,True
ReLU,GELU,BiGRU+BiGRU,10,87.54,89.45,85.12,87.23,3,6,ReLU+GELU,GRU,True
ReLU,SiLU,BiGRU+BiGRU,10,87.12,89.88,83.66,86.66,3,6,ReLU+SiLU,GRU,True
ReLU,Mish,BiGRU+BiGRU,10,87.36,88.82,85.48,87.12,2,5,ReLU+Mish,GRU,True
ReLU,SELU,BiGRU+BiGRU,10,86.92,89.87,83.22,86.42,2,5,ReLU+SELU,GRU,True
ReLU,PReLU,BiGRU+BiGRU,10,87.54,89.77,84.74,87.18,3,6,ReLU+PReLU,GRU,True
ReLU,Hardswish,BiGRU+BiGRU,10,87.12,90.44,83.02,86.57,3,6,ReLU+Hardswish,GRU,True
ELU,ReLU,BiGRU+BiGRU,10,87.3,90.39,83.48,86.8,3,6,ELU+ReLU,GRU,True
ELU,ELU,BiGRU+BiGRU,10,87.36,87.68,86.94,87.31,2,5,ELU+ELU,GRU,True
ELU,LeakyReLU,BiGRU+BiGRU,10,87.36,88.53,85.84,87.16,2,5,ELU+LeakyReLU,GRU,True
ELU,Tanh,BiGRU+BiGRU,10,87.14,87.93,86.1,87.0,2,5,ELU+Tanh,GRU,True
ELU,GELU,BiGRU+BiGRU,10,87.36,90.5,83.48,86.85,3,6,ELU+GELU,GRU,True
ELU,SiLU,BiGRU+BiGRU,10,87.22,90.35,83.34,86.7,3,6,ELU+SiLU,GRU,True
ELU,Mish,BiGRU+BiGRU,10,87.46,87.49,87.42,87.45,2,5,ELU+Mish,GRU,True
ELU,SELU,BiGRU+BiGRU,10,87.24,87.46,86.94,87.2,2,5,ELU+SELU,GRU,True
ELU,PReLU,BiGRU+BiGRU,10,87.41,87.86,86.82,87.34,2,5,ELU+PReLU,GRU,True
ELU,Hardswish,BiGRU+BiGRU,10,87.27,90.36,83.44,86.76,3,6,ELU+Hardswish,GRU,True
LeakyReLU,ReLU,BiGRU+BiGRU,10,87.42,88.77,85.68,87.2,3,6,LeakyReLU+ReLU,GRU,True
LeakyReLU,ELU,BiGRU+BiGRU,10,87.12,88.73,85.04,86.85,2,5,LeakyReLU+ELU,GRU,True
LeakyReLU,LeakyReLU,BiGRU+BiGRU,10,87.75,89.71,85.28,87.44,3,6,LeakyReLU+LeakyReLU,GRU,True
LeakyReLU,Tanh,BiGRU+BiGRU,10,87.22,88.17,85.98,87.06,2,5,LeakyReLU+Tanh,GRU,True
LeakyReLU,GELU,BiGRU+BiGRU,10,87.45,89.28,85.12,87.15,3,6,LeakyReLU+GELU,GRU,True
LeakyReLU,SiLU,BiGRU+BiGRU,10,87.15,89.43,84.26,86.77,3,6,LeakyReLU+SiLU,GRU,True
LeakyReLU,Mish,BiGRU+BiGRU,10,87.49,90.81,83.42,86.96,3,6,LeakyReLU+Mish,GRU,True
LeakyReLU,SELU,BiGRU+BiGRU,10,87.66,89.73,85.06,87.33,3,6,LeakyReLU+SELU,GRU,True
LeakyReLU,PReLU,BiGRU+BiGRU,10,87.37,89.38,84.82,87.04,3,6,LeakyReLU+PReLU,GRU,True
LeakyReLU,Hardswish,BiGRU+BiGRU,10,87.62,87.56,87.7,87.63,2,5,LeakyReLU+Hardswish,GRU,True
Tanh,ReLU,BiGRU+BiGRU,10,87.26,90.15,83.66,86.78,3,6,Tanh+ReLU,GRU,True
Tanh,ELU,BiGRU+BiGRU,10,87.03,86.38,87.92,87.14,2,5,Tanh+ELU,GRU,True
Tanh,LeakyReLU,BiGRU+BiGRU,10,87.67,89.56,85.28,87.37,3,6,Tanh+LeakyReLU,GRU,True
Tanh,Tanh,BiGRU+BiGRU,10,87.19,90.72,82.86,86.61,3,6,Tanh+Tanh,GRU,True
Tanh,GELU,BiGRU+BiGRU,10,87.67,87.86,87.42,87.64,4,7,Tanh+GELU,GRU,True
Tanh,SiLU,BiGRU+BiGRU,10,87.3,90.85,82.96,86.72,3,6,Tanh+SiLU,GRU,True
Tanh,Mish,BiGRU+BiGRU,10,87.47,87.45,87.5,87.47,2,5,Tanh+Mish,GRU,True
Tanh,SELU,BiGRU+BiGRU,10,87.94,88.7,86.96,87.82,4,7,Tanh+SELU,GRU,True
Tanh,PReLU,BiGRU+BiGRU,10,87.67,89.51,85.34,87.38,3,6,Tanh+PReLU,GRU,True
Tanh,Hardswish,BiGRU+BiGRU,10,87.42,87.98,86.68,87.33,2,5,Tanh+Hardswish,GRU,True
GELU,ReLU,BiGRU+BiGRU,10,87.59,90.17,84.38,87.18,3,6,GELU+ReLU,GRU,True
GELU,ELU,BiGRU+BiGRU,10,87.41,87.96,86.68,87.32,2,5,GELU+ELU,GRU,True
GELU,LeakyReLU,BiGRU+BiGRU,10,87.02,90.77,82.42,86.39,3,6,GELU+LeakyReLU,GRU,True
GELU,Tanh,BiGRU+BiGRU,10,87.05,90.99,82.24,86.4,3,6,GELU+Tanh,GRU,True
GELU,GELU,BiGRU+BiGRU,10,87.66,90.08,84.64,87.28,3,6,GELU+GELU,GRU,True
GELU,SiLU,BiGRU+BiGRU,10,87.46,90.28,83.96,87.01,3,6,GELU+SiLU,GRU,True
GELU,Mish,BiGRU+BiGRU,10,87.34,87.24,87.48,87.36,2,5,GELU+Mish,GRU,True
GELU,SELU,BiGRU+BiGRU,10,87.41,90.15,84.0,86.97,3,6,GELU+SELU,GRU,True
GELU,PReLU,BiGRU+BiGRU,10,87.45,86.97,88.1,87.53,2,5,GELU+PReLU,GRU,True
GELU,Hardswish,BiGRU+BiGRU,10,87.45,90.12,84.12,87.02,3,6,GELU+Hardswish,GRU,True
SiLU,ReLU,BiGRU+BiGRU,10,87.23,90.39,83.32,86.71,3,6,SiLU+ReLU,GRU,True
SiLU,ELU,BiGRU+BiGRU,10,87.37,87.41,87.32,87.36,2,5,SiLU+ELU,GRU,True
SiLU,LeakyReLU,BiGRU+BiGRU,10,87.68,87.43,88.02,87.72,2,5,SiLU+LeakyReLU,GRU,True
SiLU,Tanh,BiGRU+BiGRU,10,86.93,90.9,82.08,86.26,3,6,SiLU+Tanh,GRU,True
SiLU,GELU,BiGRU+BiGRU,10,87.58,90.15,84.38,87.17,3,6,SiLU+GELU,GRU,True
SiLU,SiLU,BiGRU+BiGRU,10,87.55,90.06,84.42,87.15,3,6,SiLU+SiLU,GRU,True
SiLU,Mish,BiGRU+BiGRU,10,87.47,90.13,84.16,87.04,3,6,SiLU+Mish,GRU,True
SiLU,SELU,BiGRU+BiGRU,10,87.25,87.96,86.32,87.13,2,5,SiLU+SELU,GRU,True
SiLU,PReLU,BiGRU+BiGRU,10,87.52,87.18,87.98,87.58,2,5,SiLU+PReLU,GRU,True
SiLU,Hardswish,BiGRU+BiGRU,10,87.69,90.07,84.72,87.31,3,6,SiLU+Hardswish,GRU,True
Mish,ReLU,BiGRU+BiGRU,10,87.54,90.47,83.92,87.07,3,6,Mish+ReLU,GRU,True
Mish,ELU,BiGRU+BiGRU,10,87.29,88.72,85.44,87.05,2,5,Mish+ELU,GRU,True
Mish,LeakyReLU,BiGRU+BiGRU,10,87.62,90.24,84.36,87.2,3,6,Mish+LeakyReLU,GRU,True
Mish,Tanh,BiGRU+BiGRU,10,86.97,90.98,82.08,86.3,3,6,Mish+Tanh,GRU,True
Mish,GELU,BiGRU+BiGRU,10,87.75,87.79,87.7,87.74,2,5,Mish+GELU,GRU,True
Mish,SiLU,BiGRU+BiGRU,10,87.63,88.33,86.72,87.52,2,5,Mish+SiLU,GRU,True
Mish,Mish,BiGRU+BiGRU,10,87.57,87.68,87.42,87.55,2,5,Mish+Mish,GRU,True
Mish,SELU,BiGRU+BiGRU,10,87.3,87.54,86.98,87.26,2,5,Mish+SELU,GRU,True
Mish,PReLU,BiGRU+BiGRU,10,87.4,90.32,83.78,86.93,3,6,Mish+PReLU,GRU,True
Mish,Hardswish,BiGRU+BiGRU,10,87.52,87.84,87.1,87.47,2,5,Mish+Hardswish,GRU,True
SELU,ReLU,BiGRU+BiGRU,10,87.53,88.75,85.96,87.33,3,6,SELU+ReLU,GRU,True
SELU,ELU,BiGRU+BiGRU,10,87.08,87.78,86.16,86.96,2,5,SELU+ELU,GRU,True
SELU,LeakyReLU,BiGRU+BiGRU,10,87.62,89.43,85.32,87.33,3,6,SELU+LeakyReLU,GRU,True
SELU,Tanh,BiGRU+BiGRU,10,87.16,88.76,85.1,86.89,2,5,SELU+Tanh,GRU,True
SELU,GELU,BiGRU+BiGRU,10,87.18,90.73,82.82,86.6,3,6,SELU+GELU,GRU,True
SELU,SiLU,BiGRU+BiGRU,10,87.54,88.51,86.28,87.38,2,5,SELU+SiLU,GRU,True
SELU,Mish,BiGRU+BiGRU,10,87.53,87.3,87.84,87.57,2,5,SELU+Mish,GRU,True
SELU,SELU,BiGRU+BiGRU,10,87.17,86.84,87.62,87.23,2,5,SELU+SELU,GRU,True
SELU,PReLU,BiGRU+BiGRU,10,87.54,89.17,85.46,87.28,3,6,SELU+PReLU,GRU,True
SELU,Hardswish,BiGRU+BiGRU,10,87.43,87.68,87.1,87.39,2,5,SELU+Hardswish,GRU,True
PReLU,ReLU,BiGRU+BiGRU,10,87.34,89.31,84.84,87.02,2,5,PReLU+ReLU,GRU,True
PReLU,ELU,BiGRU+BiGRU,10,86.98,88.68,84.78,86.69,2,5,PReLU+ELU,GRU,True
PReLU,LeakyReLU,BiGRU+BiGRU,10,86.66,90.9,81.48,85.93,3,6,PReLU+LeakyReLU,GRU,True
PReLU,Tanh,BiGRU+BiGRU,10,87.37,90.82,83.14,86.81,3,6,PReLU+Tanh,GRU,True
PReLU,GELU,BiGRU+BiGRU,10,87.38,90.26,83.8,86.91,3,6,PReLU+GELU,GRU,True
PReLU,SiLU,BiGRU+BiGRU,10,87.21,90.74,82.88,86.63,3,6,PReLU+SiLU,GRU,True
PReLU,Mish,BiGRU+BiGRU,10,87.31,91.05,82.76,86.71,3,6,PReLU+Mish,GRU,True
PReLU,SELU,BiGRU+BiGRU,10,87.21,89.28,84.58,86.86,2,5,PReLU+SELU,GRU,True
PReLU,PReLU,BiGRU+BiGRU,10,87.49,89.86,84.52,87.11,3,6,PReLU+PReLU,GRU,True
PReLU,Hardswish,BiGRU+BiGRU,10,87.5,87.65,87.3,87.47,2,5,PReLU+Hardswish,GRU,True
Hardswish,ReLU,BiGRU+BiGRU,10,87.23,90.09,83.66,86.76,3,6,Hardswish+ReLU,GRU,True
Hardswish,ELU,BiGRU+BiGRU,10,87.42,88.06,86.58,87.31,2,5,Hardswish+ELU,GRU,True
Hardswish,LeakyReLU,BiGRU+BiGRU,10,87.71,90.16,84.66,87.32,3,6,Hardswish+LeakyReLU,GRU,True
Hardswish,Tanh,BiGRU+BiGRU,10,87.29,87.78,86.64,87.21,2,5,Hardswish+Tanh,GRU,True
Hardswish,GELU,BiGRU+BiGRU,10,87.41,90.06,84.1,86.98,3,6,Hardswish+GELU,GRU,True
Hardswish,SiLU,BiGRU+BiGRU,10,87.44,90.24,83.96,86.99,3,6,Hardswish+SiLU,GRU,True
Hardswish,Mish,BiGRU+BiGRU,10,87.64,88.14,86.98,87.56,2,5,Hardswish+Mish,GRU,True
Hardswish,SELU,BiGRU+BiGRU,10,87.47,88.1,86.64,87.37,2,5,Hardswish+SELU,GRU,True
Hardswish,PReLU,BiGRU+BiGRU,10,87.74,87.54,88.0,87.77,2,5,Hardswish+PReLU,GRU,True
Hardswish,Hardswish,BiGRU+BiGRU,10,87.4,89.8,84.38,87.01,3,6,Hardswish+Hardswish,GRU,True
ReLU,ReLU,BiGRU+BiGRU,20,87.4,89.2,85.1,87.1,3,6,ReLU+ReLU,GRU,True
ReLU,ELU,BiGRU+BiGRU,20,87.6,86.79,88.7,87.73,3,6,ReLU+ELU,GRU,True
ReLU,LeakyReLU,BiGRU+BiGRU,20,87.38,88.3,86.18,87.23,3,6,ReLU+LeakyReLU,GRU,True
ReLU,Tanh,BiGRU+BiGRU,20,87.72,87.1,88.56,87.82,3,6,ReLU+Tanh,GRU,True
ReLU,GELU,BiGRU+BiGRU,20,87.26,88.29,85.92,87.09,3,6,ReLU+GELU,GRU,True
ReLU,SiLU,BiGRU+BiGRU,20,87.54,87.35,87.8,87.57,3,6,ReLU+SiLU,GRU,True
ReLU,Mish,BiGRU+BiGRU,20,87.4,86.77,88.26,87.51,3,6,ReLU+Mish,GRU,True
ReLU,SELU,BiGRU+BiGRU,20,87.44,87.41,87.48,87.45,3,6,ReLU+SELU,GRU,True
ReLU,PReLU,BiGRU+BiGRU,20,87.41,87.52,87.26,87.39,3,6,ReLU+PReLU,GRU,True
ReLU,Hardswish,BiGRU+BiGRU,20,87.29,88.34,85.92,87.11,3,6,ReLU+Hardswish,GRU,True
ELU,ReLU,BiGRU+BiGRU,20,87.32,88.81,85.4,87.07,3,6,ELU+ReLU,GRU,True
ELU,ELU,BiGRU+BiGRU,20,87.73,86.85,88.92,87.87,3,6,ELU+ELU,GRU,True
ELU,LeakyReLU,BiGRU+BiGRU,20,87.67,88.37,86.76,87.56,3,6,ELU+LeakyReLU,GRU,True
ELU,Tanh,BiGRU+BiGRU,20,87.57,86.97,88.38,87.67,3,6,ELU+Tanh,GRU,True
ELU,GELU,BiGRU+BiGRU,20,87.53,88.37,86.44,87.39,3,6,ELU+GELU,GRU,True
ELU,SiLU,BiGRU+BiGRU,20,87.36,86.9,87.98,87.44,3,6,ELU+SiLU,GRU,True
ELU,Mish,BiGRU+BiGRU,20,87.36,86.98,87.88,87.43,3,6,ELU+Mish,GRU,True
ELU,SELU,BiGRU+BiGRU,20,87.47,85.21,90.68,87.86,3,6,ELU+SELU,GRU,True
ELU,PReLU,BiGRU+BiGRU,20,87.29,87.83,86.58,87.2,3,6,ELU+PReLU,GRU,True
ELU,Hardswish,BiGRU+BiGRU,20,87.29,85.9,89.22,87.53,3,6,ELU+Hardswish,GRU,True
LeakyReLU,ReLU,BiGRU+BiGRU,20,87.54,87.6,87.46,87.53,3,6,LeakyReLU+ReLU,GRU,True
LeakyReLU,ELU,BiGRU+BiGRU,20,87.06,88.35,85.38,86.84,3,6,LeakyReLU+ELU,GRU,True
LeakyReLU,LeakyReLU,BiGRU+BiGRU,20,87.48,88.83,85.74,87.26,3,6,LeakyReLU+LeakyReLU,GRU,True
LeakyReLU,Tanh,BiGRU+BiGRU,20,87.22,86.39,88.36,87.36,3,6,LeakyReLU+Tanh,GRU,True
LeakyReLU,GELU,BiGRU+BiGRU,20,87.61,87.14,88.24,87.69,3,6,LeakyReLU+GELU,GRU,True
LeakyReLU,SiLU,BiGRU+BiGRU,20,87.5,86.52,88.84,87.67,3,6,LeakyReLU+SiLU,GRU,True
LeakyReLU,Mish,BiGRU+BiGRU,20,87.05,86.92,87.22,87.07,3,6,LeakyReLU+Mish,GRU,True
LeakyReLU,SELU,BiGRU+BiGRU,20,87.84,87.14,88.78,87.95,3,6,LeakyReLU+SELU,GRU,True
LeakyReLU,PReLU,BiGRU+BiGRU,20,87.55,88.72,86.04,87.36,3,6,LeakyReLU+PReLU,GRU,True
LeakyReLU,Hardswish,BiGRU+BiGRU,20,87.57,86.53,89.0,87.75,3,6,LeakyReLU+Hardswish,GRU,True
Tanh,ReLU,BiGRU+BiGRU,20,87.49,88.44,86.26,87.33,3,6,Tanh+ReLU,GRU,True
Tanh,ELU,BiGRU+BiGRU,20,87.47,87.18,87.86,87.52,3,6,Tanh+ELU,GRU,True
Tanh,LeakyReLU,BiGRU+BiGRU,20,87.58,88.76,86.06,87.39,3,6,Tanh+LeakyReLU,GRU,True
Tanh,Tanh,BiGRU+BiGRU,20,87.5,86.71,88.58,87.63,3,6,Tanh+Tanh,GRU,True
Tanh,GELU,BiGRU+BiGRU,20,87.35,85.85,89.44,87.61,3,6,Tanh+GELU,GRU,True
Tanh,SiLU,BiGRU+BiGRU,20,87.72,86.62,89.22,87.9,3,6,Tanh+SiLU,GRU,True
Tanh,Mish,BiGRU+BiGRU,20,87.87,87.62,88.2,87.91,3,6,Tanh+Mish,GRU,True
Tanh,SELU,BiGRU+BiGRU,20,87.59,88.35,86.6,87.47,3,6,Tanh+SELU,GRU,True
Tanh,PReLU,BiGRU+BiGRU,20,87.42,87.27,87.62,87.45,3,6,Tanh+PReLU,GRU,True
Tanh,Hardswish,BiGRU+BiGRU,20,87.62,87.76,87.44,87.6,3,6,Tanh+Hardswish,GRU,True
GELU,ReLU,BiGRU+BiGRU,20,87.11,88.79,84.94,86.82,3,6,GELU+ReLU,GRU,True
GELU,ELU,BiGRU+BiGRU,20,87.65,86.95,88.6,87.77,3,6,GELU+ELU,GRU,True
GELU,LeakyReLU,BiGRU+BiGRU,20,86.98,89.02,84.36,86.63,3,6,GELU+LeakyReLU,GRU,True
GELU,Tanh,BiGRU+BiGRU,20,87.49,86.18,89.3,87.71,3,6,GELU+Tanh,GRU,True
GELU,GELU,BiGRU+BiGRU,20,87.79,87.96,87.56,87.76,3,6,GELU+GELU,GRU,True
GELU,SiLU,BiGRU+BiGRU,20,87.5,87.06,88.1,87.57,3,6,GELU+SiLU,GRU,True
GELU,Mish,BiGRU+BiGRU,20,87.57,87.41,87.78,87.6,3,6,GELU+Mish,GRU,True
GELU,SELU,BiGRU+BiGRU,20,87.35,86.31,88.78,87.53,3,6,GELU+SELU,GRU,True
GELU,PReLU,BiGRU+BiGRU,20,87.01,89.33,84.06,86.62,3,6,GELU+PReLU,GRU,True
GELU,Hardswish,BiGRU+BiGRU,20,87.6,86.5,89.1,87.78,3,6,GELU+Hardswish,GRU,True
SiLU,ReLU,BiGRU+BiGRU,20,86.88,89.71,83.32,86.4,3,6,SiLU+ReLU,GRU,True
SiLU,ELU,BiGRU+BiGRU,20,87.25,87.06,87.5,87.28,3,6,SiLU+ELU,GRU,True
SiLU,LeakyReLU,BiGRU+BiGRU,20,87.37,89.36,84.84,87.04,3,6,SiLU+LeakyReLU,GRU,True
SiLU,Tanh,BiGRU+BiGRU,20,87.68,87.28,88.22,87.75,3,6,SiLU+Tanh,GRU,True
SiLU,GELU,BiGRU+BiGRU,20,87.48,87.2,87.86,87.53,3,6,SiLU+GELU,GRU,True
SiLU,SiLU,BiGRU+BiGRU,20,87.39,87.49,87.26,87.37,3,6,SiLU+SiLU,GRU,True
SiLU,Mish,BiGRU+BiGRU,20,87.74,87.34,88.28,87.81,3,6,SiLU+Mish,GRU,True
SiLU,SELU,BiGRU+BiGRU,20,87.51,86.58,88.78,87.67,3,6,SiLU+SELU,GRU,True
SiLU,PReLU,BiGRU+BiGRU,20,87.35,89.26,84.92,87.03,4,7,SiLU+PReLU,GRU,True
SiLU,Hardswish,BiGRU+BiGRU,20,87.62,86.77,88.78,87.76,3,6,SiLU+Hardswish,GRU,True
Mish,ReLU,BiGRU+BiGRU,20,87.21,89.68,84.1,86.8,3,6,Mish+ReLU,GRU,True
Mish,ELU,BiGRU+BiGRU,20,87.44,85.82,89.7,87.72,3,6,Mish+ELU,GRU,True
Mish,LeakyReLU,BiGRU+BiGRU,20,87.3,88.11,86.24,87.16,3,6,Mish+LeakyReLU,GRU,True
Mish,Tanh,BiGRU+BiGRU,20,87.69,86.83,88.86,87.83,3,6,Mish+Tanh,GRU,True
Mish,GELU,BiGRU+BiGRU,20,87.27,87.22,87.34,87.28,3,6,Mish+GELU,GRU,True
Mish,SiLU,BiGRU+BiGRU,20,87.39,87.68,87.0,87.34,3,6,Mish+SiLU,GRU,True
Mish,Mish,BiGRU+BiGRU,20,87.48,87.2,87.86,87.53,3,6,Mish+Mish,GRU,True
Mish,SELU,BiGRU+BiGRU,20,87.78,87.54,88.1,87.82,3,6,Mish+SELU,GRU,True
Mish,PReLU,BiGRU+BiGRU,20,87.18,88.08,86.0,87.03,3,6,Mish+PReLU,GRU,True
Mish,Hardswish,BiGRU+BiGRU,20,87.57,86.19,89.48,87.8,3,6,Mish+Hardswish,GRU,True
SELU,ReLU,BiGRU+BiGRU,20,87.31,87.99,86.42,87.2,3,6,SELU+ReLU,GRU,True
SELU,ELU,BiGRU+BiGRU,20,87.69,88.66,86.44,87.53,3,6,SELU+ELU,GRU,True
SELU,LeakyReLU,BiGRU+BiGRU,20,87.42,86.51,88.66,87.57,3,6,SELU+LeakyReLU,GRU,True
SELU,Tanh,BiGRU+BiGRU,20,86.96,89.12,84.2,86.59,3,6,SELU+Tanh,GRU,True
SELU,GELU,BiGRU+BiGRU,20,87.69,87.47,87.98,87.73,3,6,SELU+GELU,GRU,True
SELU,SiLU,BiGRU+BiGRU,20,87.42,88.51,86.0,87.24,3,6,SELU+SiLU,GRU,True
SELU,Mish,BiGRU+BiGRU,20,87.52,88.18,86.66,87.41,3,6,SELU+Mish,GRU,True
SELU,SELU,BiGRU+BiGRU,20,87.29,88.55,85.66,87.08,3,6,SELU+SELU,GRU,True
SELU,PReLU,BiGRU+BiGRU,20,87.46,87.75,87.08,87.41,3,6,SELU+PReLU,GRU,True
SELU,Hardswish,BiGRU+BiGRU,20,87.68,87.12,88.44,87.77,3,6,SELU+Hardswish,GRU,True
PReLU,ReLU,BiGRU+BiGRU,20,87.26,89.2,84.78,86.94,3,6,PReLU+ReLU,GRU,True
PReLU,ELU,BiGRU+BiGRU,20,87.35,86.61,88.36,87.48,3,6,PReLU+ELU,GRU,True
PReLU,LeakyReLU,BiGRU+BiGRU,20,87.5,88.25,86.52,87.38,3,6,PReLU+LeakyReLU,GRU,True
PReLU,Tanh,BiGRU+BiGRU,20,87.26,86.56,88.22,87.38,3,6,PReLU+Tanh,GRU,True
PReLU,GELU,BiGRU+BiGRU,20,87.31,87.96,86.46,87.2,3,6,PReLU+GELU,GRU,True
PReLU,SiLU,BiGRU+BiGRU,20,87.37,87.48,87.22,87.35,3,6,PReLU+SiLU,GRU,True
PReLU,Mish,BiGRU+BiGRU,20,87.26,86.63,88.12,87.37,3,6,PReLU+Mish,GRU,True
PReLU,SELU,BiGRU+BiGRU,20,87.69,85.6,90.62,88.04,3,6,PReLU+SELU,GRU,True
PReLU,PReLU,BiGRU+BiGRU,20,87.32,88.13,86.26,87.18,3,6,PReLU+PReLU,GRU,True
PReLU,Hardswish,BiGRU+BiGRU,20,87.4,87.85,86.8,87.32,3,6,PReLU+Hardswish,GRU,True
Hardswish,ReLU,BiGRU+BiGRU,20,87.58,88.61,86.24,87.41,4,7,Hardswish+ReLU,GRU,True
Hardswish,ELU,BiGRU+BiGRU,20,87.49,86.21,89.26,87.71,3,6,Hardswish+ELU,GRU,True
Hardswish,LeakyReLU,BiGRU+BiGRU,20,87.92,87.49,88.5,87.99,3,6,Hardswish+LeakyReLU,GRU,True
Hardswish,Tanh,BiGRU+BiGRU,20,87.35,86.8,88.1,87.44,3,6,Hardswish+Tanh,GRU,True
Hardswish,GELU,BiGRU+BiGRU,20,87.61,86.2,89.56,87.85,3,6,Hardswish+GELU,GRU,True
Hardswish,SiLU,BiGRU+BiGRU,20,87.55,86.91,88.42,87.66,3,6,Hardswish+SiLU,GRU,True
Hardswish,Mish,BiGRU+BiGRU,20,87.43,86.76,88.34,87.54,3,6,Hardswish+Mish,GRU,True
Hardswish,SELU,BiGRU+BiGRU,20,87.43,87.86,86.86,87.36,3,6,Hardswish+SELU,GRU,True
Hardswish,PReLU,BiGRU+BiGRU,20,87.1,88.63,85.12,86.84,3,6,Hardswish+PReLU,GRU,True
Hardswish,Hardswish,BiGRU+BiGRU,20,87.45,87.2,87.78,87.49,3,6,Hardswish+Hardswish,GRU,True
ReLU,ReLU,BiGRU+BiGRU,30,87.55,85.09,91.06,87.97,3,6,ReLU+ReLU,GRU,True
ReLU,ELU,BiGRU+BiGRU,30,87.19,84.05,91.8,87.75,3,6,ReLU+ELU,GRU,True
ReLU,LeakyReLU,BiGRU+BiGRU,30,88.11,87.61,88.78,88.19,3,6,ReLU+LeakyReLU,GRU,True
ReLU,Tanh,BiGRU+BiGRU,30,87.57,85.2,90.94,87.98,3,6,ReLU+Tanh,GRU,True
ReLU,GELU,BiGRU+BiGRU,30,87.9,86.68,89.56,88.1,3,6,ReLU+GELU,GRU,True
ReLU,SiLU,BiGRU+BiGRU,30,87.81,85.61,90.9,88.18,3,6,ReLU+SiLU,GRU,True
ReLU,Mish,BiGRU+BiGRU,30,87.81,86.79,89.2,87.98,3,6,ReLU+Mish,GRU,True
ReLU,SELU,BiGRU+BiGRU,30,86.97,85.35,89.26,87.26,3,6,ReLU+SELU,GRU,True
ReLU,PReLU,BiGRU+BiGRU,30,87.77,86.54,89.46,87.97,3,6,ReLU+PReLU,GRU,True
ReLU,Hardswish,BiGRU+BiGRU,30,87.9,85.61,91.12,88.28,3,6,ReLU+Hardswish,GRU,True
ELU,ReLU,BiGRU+BiGRU,30,87.41,86.06,89.28,87.64,3,6,ELU+ReLU,GRU,True
ELU,ELU,BiGRU+BiGRU,30,87.56,86.32,89.26,87.77,3,6,ELU+ELU,GRU,True
ELU,LeakyReLU,BiGRU+BiGRU,30,87.31,85.49,89.88,87.63,3,6,ELU+LeakyReLU,GRU,True
ELU,Tanh,BiGRU+BiGRU,30,87.73,86.26,89.76,87.97,3,6,ELU+Tanh,GRU,True
ELU,GELU,BiGRU+BiGRU,30,87.69,85.36,90.98,88.08,3,6,ELU+GELU,GRU,True
ELU,SiLU,BiGRU+BiGRU,30,87.51,85.14,90.88,87.92,3,6,ELU+SiLU,GRU,True
ELU,Mish,BiGRU+BiGRU,30,87.42,85.72,89.8,87.71,3,6,ELU+Mish,GRU,True
ELU,SELU,BiGRU+BiGRU,30,87.49,86.46,88.9,87.66,3,6,ELU+SELU,GRU,True
ELU,PReLU,BiGRU+BiGRU,30,87.8,86.67,89.34,87.99,3,6,ELU+PReLU,GRU,True
ELU,Hardswish,BiGRU+BiGRU,30,87.54,85.31,90.7,87.92,3,6,ELU+Hardswish,GRU,True
LeakyReLU,ReLU,BiGRU+BiGRU,30,87.39,84.42,91.7,87.91,3,6,LeakyReLU+ReLU,GRU,True
LeakyReLU,ELU,BiGRU+BiGRU,30,87.46,85.7,89.92,87.76,3,6,LeakyReLU+ELU,GRU,True
LeakyReLU,LeakyReLU,BiGRU+BiGRU,30,87.7,85.5,90.8,88.07,3,6,LeakyReLU+LeakyReLU,GRU,True
LeakyReLU,Tanh,BiGRU+BiGRU,30,87.49,87.48,87.5,87.49,4,7,LeakyReLU+Tanh,GRU,True
LeakyReLU,GELU,BiGRU+BiGRU,30,87.97,86.05,90.64,88.28,3,6,LeakyReLU+GELU,GRU,True
LeakyReLU,SiLU,BiGRU+BiGRU,30,88.04,86.16,90.64,88.34,3,6,LeakyReLU+SiLU,GRU,True
LeakyReLU,Mish,BiGRU+BiGRU,30,87.78,86.54,89.48,87.98,3,6,LeakyReLU+Mish,GRU,True
LeakyReLU,SELU,BiGRU+BiGRU,30,87.64,87.79,87.44,87.62,4,7,LeakyReLU+SELU,GRU,True
LeakyReLU,PReLU,BiGRU+BiGRU,30,87.52,85.69,90.08,87.83,3,6,LeakyReLU+PReLU,GRU,True
LeakyReLU,Hardswish,BiGRU+BiGRU,30,87.73,86.57,89.32,87.92,3,6,LeakyReLU+Hardswish,GRU,True
Tanh,ReLU,BiGRU+BiGRU,30,87.74,86.05,90.08,88.02,3,6,Tanh+ReLU,GRU,True
Tanh,ELU,BiGRU+BiGRU,30,87.29,85.66,89.58,87.57,3,6,Tanh+ELU,GRU,True
Tanh,LeakyReLU,BiGRU+BiGRU,30,87.19,84.4,91.24,87.69,3,6,Tanh+LeakyReLU,GRU,True
Tanh,Tanh,BiGRU+BiGRU,30,87.46,86.19,89.22,87.68,3,6,Tanh+Tanh,GRU,True
Tanh,GELU,BiGRU+BiGRU,30,87.47,85.09,90.86,87.88,3,6,Tanh+GELU,GRU,True
Tanh,SiLU,BiGRU+BiGRU,30,87.45,84.93,91.06,87.89,3,6,Tanh+SiLU,GRU,True
Tanh,Mish,BiGRU+BiGRU,30,87.49,86.08,89.44,87.73,3,6,Tanh+Mish,GRU,True
Tanh,SELU,BiGRU+BiGRU,30,87.41,86.05,89.3,87.64,3,6,Tanh+SELU,GRU,True
Tanh,PReLU,BiGRU+BiGRU,30,87.7,87.09,88.52,87.8,3,6,Tanh+PReLU,GRU,True
Tanh,Hardswish,BiGRU+BiGRU,30,87.47,85.45,90.32,87.82,3,6,Tanh+Hardswish,GRU,True
GELU,ReLU,BiGRU+BiGRU,30,87.87,85.87,90.66,88.2,3,6,GELU+ReLU,GRU,True
GELU,ELU,BiGRU+BiGRU,30,87.67,85.53,90.68,88.03,3,6,GELU+ELU,GRU,True
GELU,LeakyReLU,BiGRU+BiGRU,30,87.62,85.3,90.9,88.01,3,6,GELU+LeakyReLU,GRU,True
GELU,Tanh,BiGRU+BiGRU,30,87.58,85.72,90.18,87.89,3,6,GELU+Tanh,GRU,True
GELU,GELU,BiGRU+BiGRU,30,87.9,85.81,90.82,88.24,3,6,GELU+GELU,GRU,True
GELU,SiLU,BiGRU+BiGRU,30,87.75,85.89,90.34,88.06,3,6,GELU+SiLU,GRU,True
GELU,Mish,BiGRU+BiGRU,30,87.83,85.76,90.72,88.17,3,6,GELU+Mish,GRU,True
GELU,SELU,BiGRU+BiGRU,30,86.69,89.63,82.98,86.18,4,7,GELU+SELU,GRU,True
GELU,PReLU,BiGRU+BiGRU,30,87.7,85.93,90.16,88.0,3,6,GELU+PReLU,GRU,True
GELU,Hardswish,BiGRU+BiGRU,30,87.65,85.82,90.2,87.96,3,6,GELU+Hardswish,GRU,True
SiLU,ReLU,BiGRU+BiGRU,30,87.67,86.33,89.52,87.89,3,6,SiLU+ReLU,GRU,True
SiLU,ELU,BiGRU+BiGRU,30,87.73,86.09,90.0,88.0,3,6,SiLU+ELU,GRU,True
SiLU,LeakyReLU,BiGRU+BiGRU,30,87.71,86.73,89.04,87.87,3,6,SiLU+LeakyReLU,GRU,True
SiLU,Tanh,BiGRU+BiGRU,30,87.79,85.6,90.86,88.15,3,6,SiLU+Tanh,GRU,True
SiLU,GELU,BiGRU+BiGRU,30,87.7,85.84,90.3,88.01,3,6,SiLU+GELU,GRU,True
SiLU,SiLU,BiGRU+BiGRU,30,87.79,85.94,90.36,88.1,3,6,SiLU+SiLU,GRU,True
SiLU,Mish,BiGRU+BiGRU,30,87.86,85.88,90.62,88.19,3,6,SiLU+Mish,GRU,True
SiLU,SELU,BiGRU+BiGRU,30,87.07,84.0,91.58,87.63,3,6,SiLU+SELU,GRU,True
SiLU,PReLU,BiGRU+BiGRU,30,87.67,86.98,88.6,87.78,3,6,SiLU+PReLU,GRU,True
SiLU,Hardswish,BiGRU+BiGRU,30,87.84,86.16,90.16,88.12,3,6,SiLU+Hardswish,GRU,True
Mish,ReLU,BiGRU+BiGRU,30,87.39,84.81,91.1,87.84,3,6,Mish+ReLU,GRU,True
Mish,ELU,BiGRU+BiGRU,30,87.56,85.19,90.92,87.96,3,6,Mish+ELU,GRU,True
Mish,LeakyReLU,BiGRU+BiGRU,30,87.41,84.8,91.16,87.87,3,6,Mish+LeakyReLU,GRU,True
Mish,Tanh,BiGRU+BiGRU,30,87.66,86.3,89.54,87.89,3,6,Mish+Tanh,GRU,True
Mish,GELU,BiGRU+BiGRU,30,87.73,85.67,90.62,88.07,3,6,Mish+GELU,GRU,True
Mish,SiLU,BiGRU+BiGRU,30,87.85,86.14,90.22,88.13,3,6,Mish+SiLU,GRU,True
Mish,Mish,BiGRU+BiGRU,30,87.79,85.85,90.5,88.11,3,6,Mish+Mish,GRU,True
Mish,SELU,BiGRU+BiGRU,30,87.34,84.48,91.48,87.84,3,6,Mish+SELU,GRU,True
Mish,PReLU,BiGRU+BiGRU,30,87.65,86.35,89.44,87.87,3,6,Mish+PReLU,GRU,True
Mish,Hardswish,BiGRU+BiGRU,30,87.66,85.3,91.0,88.06,3,6,Mish+Hardswish,GRU,True
SELU,ReLU,BiGRU+BiGRU,30,87.53,84.87,91.34,87.99,3,6,SELU+ReLU,GRU,True
SELU,ELU,BiGRU+BiGRU,30,87.4,85.23,90.48,87.78,3,6,SELU+ELU,GRU,True
SELU,LeakyReLU,BiGRU+BiGRU,30,87.48,85.32,90.54,87.85,3,6,SELU+LeakyReLU,GRU,True
SELU,Tanh,BiGRU+BiGRU,30,87.37,86.92,87.98,87.45,3,6,SELU+Tanh,GRU,True
SELU,GELU,BiGRU+BiGRU,30,87.43,85.22,90.56,87.81,3,6,SELU+GELU,GRU,True
SELU,SiLU,BiGRU+BiGRU,30,87.39,86.06,89.24,87.62,3,6,SELU+SiLU,GRU,True
SELU,Mish,BiGRU+BiGRU,30,87.44,85.37,90.36,87.8,3,6,SELU+Mish,GRU,True
SELU,SELU,BiGRU+BiGRU,30,87.4,85.44,90.16,87.74,3,6,SELU+SELU,GRU,True
SELU,PReLU,BiGRU+BiGRU,30,87.46,87.24,87.76,87.5,3,6,SELU+PReLU,GRU,True
SELU,Hardswish,BiGRU+BiGRU,30,87.68,85.45,90.82,88.06,3,6,SELU+Hardswish,GRU,True
PReLU,ReLU,BiGRU+BiGRU,30,87.56,85.68,90.2,87.88,3,6,PReLU+ReLU,GRU,True
PReLU,ELU,BiGRU+BiGRU,30,87.49,85.92,89.68,87.76,3,6,PReLU+ELU,GRU,True
PReLU,LeakyReLU,BiGRU+BiGRU,30,87.51,84.58,91.74,88.02,3,6,PReLU+LeakyReLU,GRU,True
PReLU,Tanh,BiGRU+BiGRU,30,87.61,86.07,89.74,87.87,3,6,PReLU+Tanh,GRU,True
PReLU,GELU,BiGRU+BiGRU,30,87.82,85.73,90.74,88.17,3,6,PReLU+GELU,GRU,True
PReLU,SiLU,BiGRU+BiGRU,30,87.83,86.38,89.82,88.07,3,6,PReLU+SiLU,GRU,True
PReLU,Mish,BiGRU+BiGRU,30,87.95,86.22,90.34,88.23,3,6,PReLU+Mish,GRU,True
PReLU,SELU,BiGRU+BiGRU,30,87.56,85.79,90.04,87.86,3,6,PReLU+SELU,GRU,True
PReLU,PReLU,BiGRU+BiGRU,30,87.85,86.0,90.42,88.15,3,6,PReLU+PReLU,GRU,True
PReLU,Hardswish,BiGRU+BiGRU,30,87.72,86.12,89.94,87.99,3,6,PReLU+Hardswish,GRU,True
Hardswish,ReLU,BiGRU+BiGRU,30,88.02,87.25,89.06,88.14,3,6,Hardswish+ReLU,GRU,True
Hardswish,ELU,BiGRU+BiGRU,30,87.61,85.25,90.96,88.01,3,6,Hardswish+ELU,GRU,True
Hardswish,LeakyReLU,BiGRU+BiGRU,30,87.39,84.99,90.82,87.81,3,6,Hardswish+LeakyReLU,GRU,True
Hardswish,Tanh,BiGRU+BiGRU,30,87.66,85.54,90.64,88.02,3,6,Hardswish+Tanh,GRU,True
Hardswish,GELU,BiGRU+BiGRU,30,87.85,86.98,89.02,87.99,3,6,Hardswish+GELU,GRU,True
Hardswish,SiLU,BiGRU+BiGRU,30,87.73,86.36,89.62,87.96,3,6,Hardswish+SiLU,GRU,True
Hardswish,Mish,BiGRU+BiGRU,30,87.54,85.67,90.16,87.86,3,6,Hardswish+Mish,GRU,True
Hardswish,SELU,BiGRU+BiGRU,30,87.48,87.72,87.16,87.44,4,7,Hardswish+SELU,GRU,True
Hardswish,PReLU,BiGRU+BiGRU,30,87.58,86.0,89.78,87.85,3,6,Hardswish+PReLU,GRU,True
Hardswish,Hardswish,BiGRU+BiGRU,30,87.65,86.49,89.24,87.84,3,6,Hardswish+Hardswish,GRU,True
ReLU,ReLU,BiGRU+BiGRU,40,87.35,90.82,83.1,86.79,3,6,ReLU+ReLU,GRU,True
ReLU,ELU,BiGRU+BiGRU,40,87.02,86.67,87.5,87.08,2,5,ReLU+ELU,GRU,True
ReLU,LeakyReLU,BiGRU+BiGRU,40,86.79,90.91,81.76,86.09,3,6,ReLU+LeakyReLU,GRU,True
ReLU,Tanh,BiGRU+BiGRU,40,86.95,86.59,87.44,87.01,2,5,ReLU+Tanh,GRU,True
ReLU,GELU,BiGRU+BiGRU,40,87.74,89.48,85.54,87.46,3,6,ReLU+GELU,GRU,True
ReLU,SiLU,BiGRU+BiGRU,40,87.52,90.22,84.16,87.09,3,6,ReLU+SiLU,GRU,True
ReLU,Mish,BiGRU+BiGRU,40,87.09,90.64,82.72,86.5,3,6,ReLU+Mish,GRU,True
ReLU,SELU,BiGRU+BiGRU,40,87.68,89.61,85.24,87.37,3,6,ReLU+SELU,GRU,True
ReLU,PReLU,BiGRU+BiGRU,40,87.69,89.01,86.0,87.48,3,6,ReLU+PReLU,GRU,True
ReLU,Hardswish,BiGRU+BiGRU,40,87.48,89.94,84.4,87.08,3,6,ReLU+Hardswish,GRU,True
ELU,ReLU,BiGRU+BiGRU,40,86.99,91.09,82.0,86.31,3,6,ELU+ReLU,GRU,True
ELU,ELU,BiGRU+BiGRU,40,87.72,87.64,87.82,87.73,4,7,ELU+ELU,GRU,True
ELU,LeakyReLU,BiGRU+BiGRU,40,87.17,90.24,83.36,86.66,3,6,ELU+LeakyReLU,GRU,True
ELU,Tanh,BiGRU+BiGRU,40,87.19,85.86,89.04,87.42,2,5,ELU+Tanh,GRU,True
ELU,GELU,BiGRU+BiGRU,40,87.3,87.53,87.0,87.26,2,5,ELU+GELU,GRU,True
ELU,SiLU,BiGRU+BiGRU,40,86.91,86.29,87.76,87.02,2,5,ELU+SiLU,GRU,True
ELU,Mish,BiGRU+BiGRU,40,86.66,91.85,80.46,85.78,3,6,ELU+Mish,GRU,True
ELU,SELU,BiGRU+BiGRU,40,86.88,87.59,85.94,86.76,2,5,ELU+SELU,GRU,True
ELU,PReLU,BiGRU+BiGRU,40,87.1,90.75,82.62,86.49,3,6,ELU+PReLU,GRU,True
ELU,Hardswish,BiGRU+BiGRU,40,87.18,86.57,88.02,87.29,2,5,ELU+Hardswish,GRU,True
LeakyReLU,ReLU,BiGRU+BiGRU,40,87.01,91.13,82.0,86.32,3,6,LeakyReLU+ReLU,GRU,True
LeakyReLU,ELU,BiGRU+BiGRU,40,87.02,85.9,88.58,87.22,2,5,LeakyReLU+ELU,GRU,True
LeakyReLU,LeakyReLU,BiGRU+BiGRU,40,86.88,91.01,81.84,86.18,3,6,LeakyReLU+LeakyReLU,GRU,True
LeakyReLU,Tanh,BiGRU+BiGRU,40,87.4,90.56,83.5,86.89,3,6,LeakyReLU+Tanh,GRU,True
LeakyReLU,GELU,BiGRU+BiGRU,40,87.25,90.69,83.02,86.69,3,6,LeakyReLU+GELU,GRU,True
LeakyReLU,SiLU,BiGRU+BiGRU,40,87.61,89.83,84.82,87.25,3,6,LeakyReLU+SiLU,GRU,True
LeakyReLU,Mish,BiGRU+BiGRU,40,87.35,86.96,87.88,87.42,2,5,LeakyReLU+Mish,GRU,True
LeakyReLU,SELU,BiGRU+BiGRU,40,87.54,90.14,84.3,87.12,3,6,LeakyReLU+SELU,GRU,True
LeakyReLU,PReLU,BiGRU+BiGRU,40,87.05,91.16,82.06,86.37,3,6,LeakyReLU+PReLU,GRU,True
LeakyReLU,Hardswish,BiGRU+BiGRU,40,87.29,87.05,87.62,87.33,2,5,LeakyReLU+Hardswish,GRU,True
Tanh,ReLU,BiGRU+BiGRU,40,87.96,88.64,87.08,87.85,3,6,Tanh+ReLU,GRU,True
Tanh,ELU,BiGRU+BiGRU,40,86.83,86.49,87.3,86.89,2,5,Tanh+ELU,GRU,True
Tanh,LeakyReLU,BiGRU+BiGRU,40,88.27,89.14,87.16,88.14,4,7,Tanh+LeakyReLU,GRU,True
Tanh,Tanh,BiGRU+BiGRU,40,87.01,91.56,81.54,86.26,3,6,Tanh+Tanh,GRU,True
Tanh,GELU,BiGRU+BiGRU,40,87.48,90.08,84.24,87.06,3,6,Tanh+GELU,GRU,True
Tanh,SiLU,BiGRU+BiGRU,40,86.52,91.61,80.4,85.64,3,6,Tanh+SiLU,GRU,True
Tanh,Mish,BiGRU+BiGRU,40,87.04,88.01,85.76,86.87,2,5,Tanh+Mish,GRU,True
Tanh,SELU,BiGRU+BiGRU,40,86.37,92.16,79.5,85.36,3,6,Tanh+SELU,GRU,True
Tanh,PReLU,BiGRU+BiGRU,40,87.1,91.55,81.74,86.37,3,6,Tanh+PReLU,GRU,True
Tanh,Hardswish,BiGRU+BiGRU,40,86.58,91.87,80.26,85.67,3,6,Tanh+Hardswish,GRU,True
GELU,ReLU,BiGRU+BiGRU,40,87.36,90.57,83.4,86.84,3,6,GELU+ReLU,GRU,True
GELU,ELU,BiGRU+BiGRU,40,87.26,91.0,82.7,86.65,3,6,GELU+ELU,GRU,True
GELU,LeakyReLU,BiGRU+BiGRU,40,87.36,90.68,83.28,86.82,3,6,GELU+LeakyReLU,GRU,True
GELU,Tanh,BiGRU+BiGRU,40,86.74,91.58,80.92,85.92,3,6,GELU+Tanh,GRU,True
GELU,GELU,BiGRU+BiGRU,40,87.42,91.38,82.64,86.79,3,6,GELU+GELU,GRU,True
GELU,SiLU,BiGRU+BiGRU,40,87.16,86.85,87.58,87.21,2,5,GELU+SiLU,GRU,True
GELU,Mish,BiGRU+BiGRU,40,87.13,86.04,88.64,87.32,2,5,GELU+Mish,GRU,True
GELU,SELU,BiGRU+BiGRU,40,87.25,86.89,87.74,87.31,2,5,GELU+SELU,GRU,True
GELU,PReLU,BiGRU+BiGRU,40,87.55,90.88,83.48,87.02,3,6,GELU+PReLU,GRU,True
GELU,Hardswish,BiGRU+BiGRU,40,87.88,91.01,84.06,87.4,3,6,GELU+Hardswish,GRU,True
SiLU,ReLU,BiGRU+BiGRU,40,87.75,89.46,85.58,87.48,3,6,SiLU+ReLU,GRU,True
SiLU,ELU,BiGRU+BiGRU,40,86.85,85.43,88.86,87.11,2,5,SiLU+ELU,GRU,True
SiLU,LeakyReLU,BiGRU+BiGRU,40,87.92,89.47,85.96,87.68,3,6,SiLU+LeakyReLU,GRU,True
SiLU,Tanh,BiGRU+BiGRU,40,87.28,91.13,82.6,86.66,3,6,SiLU+Tanh,GRU,True
SiLU,GELU,BiGRU+BiGRU,40,87.45,91.14,82.96,86.86,3,6,SiLU+GELU,GRU,True
SiLU,SiLU,BiGRU+BiGRU,40,87.09,91.57,81.7,86.35,3,6,SiLU+SiLU,GRU,True
SiLU,Mish,BiGRU+BiGRU,40,87.71,90.7,84.04,87.24,3,6,SiLU+Mish,GRU,True
SiLU,SELU,BiGRU+BiGRU,40,88.39,87.29,89.86,88.56,4,7,SiLU+SELU,GRU,True
SiLU,PReLU,BiGRU+BiGRU,40,87.66,91.4,83.14,87.08,3,6,SiLU+PReLU,GRU,True
SiLU,Hardswish,BiGRU+BiGRU,40,87.61,90.87,83.62,87.1,3,6,SiLU+Hardswish,GRU,True
Mish,ReLU,BiGRU+BiGRU,40,87.04,85.88,88.66,87.25,2,5,Mish+ReLU,GRU,True
Mish,ELU,BiGRU+BiGRU,40,87.82,86.58,89.52,88.02,4,7,Mish+ELU,GRU,True
Mish,LeakyReLU,BiGRU+BiGRU,40,87.71,89.62,85.3,87.41,3,6,Mish+LeakyReLU,GRU,True
Mish,Tanh,BiGRU+BiGRU,40,87.26,86.79,87.9,87.34,2,5,Mish+Tanh,GRU,True
Mish,GELU,BiGRU+BiGRU,40,87.5,91.26,82.94,86.9,3,6,Mish+GELU,GRU,True
Mish,SiLU,BiGRU+BiGRU,40,87.04,92.07,81.06,86.22,3,6,Mish+SiLU,GRU,True
Mish,Mish,BiGRU+BiGRU,40,87.22,86.43,88.3,87.36,2,5,Mish+Mish,GRU,True
Mish,SELU,BiGRU+BiGRU,40,87.1,85.16,89.86,87.45,2,5,Mish+SELU,GRU,True
Mish,PReLU,BiGRU+BiGRU,40,87.47,90.54,83.68,86.98,3,6,Mish+PReLU,GRU,True
Mish,Hardswish,BiGRU+BiGRU,40,87.23,87.21,87.26,87.23,2,5,Mish+Hardswish,GRU,True
SELU,ReLU,BiGRU+BiGRU,40,88.05,88.93,86.92,87.91,4,7,SELU+ReLU,GRU,True
SELU,ELU,BiGRU+BiGRU,40,86.47,91.99,79.9,85.52,3,6,SELU+ELU,GRU,True
SELU,LeakyReLU,BiGRU+BiGRU,40,87.81,85.96,90.38,88.12,4,7,SELU+LeakyReLU,GRU,True
SELU,Tanh,BiGRU+BiGRU,40,86.72,91.88,80.56,85.85,3,6,SELU+Tanh,GRU,True
SELU,GELU,BiGRU+BiGRU,40,86.94,91.77,81.16,86.14,3,6,SELU+GELU,GRU,True
SELU,SiLU,BiGRU+BiGRU,40,86.48,91.87,80.04,85.55,3,6,SELU+SiLU,GRU,True
SELU,Mish,BiGRU+BiGRU,40,87.24,91.01,82.64,86.62,3,6,SELU+Mish,GRU,True
SELU,SELU,BiGRU+BiGRU,40,87.27,89.96,83.9,86.83,3,6,SELU+SELU,GRU,True
SELU,PReLU,BiGRU+BiGRU,40,87.09,90.45,82.94,86.53,3,6,SELU+PReLU,GRU,True
SELU,Hardswish,BiGRU+BiGRU,40,86.38,91.95,79.74,85.41,3,6,SELU+Hardswish,GRU,True
PReLU,ReLU,BiGRU+BiGRU,40,87.75,88.86,86.32,87.57,3,6,PReLU+ReLU,GRU,True
PReLU,ELU,BiGRU+BiGRU,40,87.21,86.56,88.1,87.32,2,5,PReLU+ELU,GRU,True
PReLU,LeakyReLU,BiGRU+BiGRU,40,87.76,87.59,87.98,87.79,3,6,PReLU+LeakyReLU,GRU,True
PReLU,Tanh,BiGRU+BiGRU,40,87.02,86.67,87.5,87.08,2,5,PReLU+Tanh,GRU,True
PReLU,GELU,BiGRU+BiGRU,40,86.93,87.54,86.12,86.82,2,5,PReLU+GELU,GRU,True
PReLU,SiLU,BiGRU+BiGRU,40,87.72,90.4,84.4,87.3,3,6,PReLU+SiLU,GRU,True
PReLU,Mish,BiGRU+BiGRU,40,87.38,90.31,83.74,86.9,3,6,PReLU+Mish,GRU,True
PReLU,SELU,BiGRU+BiGRU,40,87.17,85.61,89.36,87.44,2,5,PReLU+SELU,GRU,True
PReLU,PReLU,BiGRU+BiGRU,40,86.82,91.84,80.82,85.98,3,6,PReLU+PReLU,GRU,True
PReLU,Hardswish,BiGRU+BiGRU,40,87.2,91.13,82.42,86.56,3,6,PReLU+Hardswish,GRU,True
Hardswish,ReLU,BiGRU+BiGRU,40,87.59,90.87,83.58,87.07,3,6,Hardswish+ReLU,GRU,True
Hardswish,ELU,BiGRU+BiGRU,40,86.86,92.06,80.68,85.99,3,6,Hardswish+ELU,GRU,True
Hardswish,LeakyReLU,BiGRU+BiGRU,40,87.12,86.59,87.84,87.21,2,5,Hardswish+LeakyReLU,GRU,True
Hardswish,Tanh,BiGRU+BiGRU,40,88.02,87.52,88.68,88.1,4,7,Hardswish+Tanh,GRU,True
Hardswish,GELU,BiGRU+BiGRU,40,87.14,91.38,82.02,86.45,3,6,Hardswish+GELU,GRU,True
Hardswish,SiLU,BiGRU+BiGRU,40,87.26,92.0,81.62,86.5,3,6,Hardswish+SiLU,GRU,True
Hardswish,Mish,BiGRU+BiGRU,40,87.38,91.5,82.42,86.72,3,6,Hardswish+Mish,GRU,True
Hardswish,SELU,BiGRU+BiGRU,40,87.1,91.63,81.66,86.36,3,6,Hardswish+SELU,GRU,True
Hardswish,PReLU,BiGRU+BiGRU,40,86.81,91.88,80.76,85.96,3,6,Hardswish+PReLU,GRU,True
Hardswish,Hardswish,BiGRU+BiGRU,40,87.62,91.16,83.32,87.06,3,6,Hardswish+Hardswish,GRU,True
ReLU,ReLU,BiGRU+BiGRU,50,87.7,87.08,88.54,87.8,3,6,ReLU+ReLU,GRU,True
ReLU,ELU,BiGRU+BiGRU,50,87.92,87.21,88.88,88.03,3,6,ReLU+ELU,GRU,True
ReLU,LeakyReLU,BiGRU+BiGRU,50,87.65,86.99,88.54,87.76,3,6,ReLU+LeakyReLU,GRU,True
ReLU,Tanh,BiGRU+BiGRU,50,87.68,86.4,89.44,87.89,3,6,ReLU+Tanh,GRU,True
ReLU,GELU,BiGRU+BiGRU,50,87.53,87.17,88.02,87.59,3,6,ReLU+GELU,GRU,True
ReLU,SiLU,BiGRU+BiGRU,50,87.58,86.36,89.26,87.79,3,6,ReLU+SiLU,GRU,True
ReLU,Mish,BiGRU+BiGRU,50,87.81,88.09,87.44,87.76,3,6,ReLU+Mish,GRU,True
ReLU,SELU,BiGRU+BiGRU,50,87.57,87.41,87.78,87.6,3,6,ReLU+SELU,GRU,True
ReLU,PReLU,BiGRU+BiGRU,50,87.65,87.31,88.1,87.71,3,6,ReLU+PReLU,GRU,True
ReLU,Hardswish,BiGRU+BiGRU,50,87.83,87.84,87.82,87.83,3,6,ReLU+Hardswish,GRU,True
ELU,ReLU,BiGRU+BiGRU,50,87.81,87.05,88.84,87.93,3,6,ELU+ReLU,GRU,True
ELU,ELU,BiGRU+BiGRU,50,87.55,87.27,87.92,87.6,3,6,ELU+ELU,GRU,True
ELU,LeakyReLU,BiGRU+BiGRU,50,87.96,87.11,89.1,88.1,4,7,ELU+LeakyReLU,GRU,True
ELU,Tanh,BiGRU+BiGRU,50,87.73,86.93,88.82,87.86,3,6,ELU+Tanh,GRU,True
ELU,GELU,BiGRU+BiGRU,50,87.65,86.21,89.64,87.89,3,6,ELU+GELU,GRU,True
ELU,SiLU,BiGRU+BiGRU,50,87.78,86.69,89.26,87.96,3,6,ELU+SiLU,GRU,True
ELU,Mish,BiGRU+BiGRU,50,87.59,85.7,90.24,87.91,3,6,ELU+Mish,GRU,True
ELU,SELU,BiGRU+BiGRU,50,87.52,86.81,88.48,87.64,3,6,ELU+SELU,GRU,True
ELU,PReLU,BiGRU+BiGRU,50,87.89,86.11,90.36,88.18,3,6,ELU+PReLU,GRU,True
ELU,Hardswish,BiGRU+BiGRU,50,87.86,87.37,88.52,87.94,4,7,ELU+Hardswish,GRU,True
LeakyReLU,ReLU,BiGRU+BiGRU,50,87.58,87.67,87.46,87.57,3,6,LeakyReLU+ReLU,GRU,True
LeakyReLU,ELU,BiGRU+BiGRU,50,87.68,86.51,89.28,87.87,3,6,LeakyReLU+ELU,GRU,True
LeakyReLU,LeakyReLU,BiGRU+BiGRU,50,87.43,89.19,85.18,87.14,3,6,LeakyReLU+LeakyReLU,GRU,True
LeakyReLU,Tanh,BiGRU+BiGRU,50,87.57,85.04,91.18,88.0,3,6,LeakyReLU+Tanh,GRU,True
LeakyReLU,GELU,BiGRU+BiGRU,50,87.53,87.36,87.76,87.56,3,6,LeakyReLU+GELU,GRU,True
LeakyReLU,SiLU,BiGRU+BiGRU,50,87.46,87.09,87.96,87.52,3,6,LeakyReLU+SiLU,GRU,True
LeakyReLU,Mish,BiGRU+BiGRU,50,87.73,86.3,89.7,87.97,3,6,LeakyReLU+Mish,GRU,True
LeakyReLU,SELU,BiGRU+BiGRU,50,87.59,86.59,88.96,87.76,3,6,LeakyReLU+SELU,GRU,True
LeakyReLU,PReLU,BiGRU+BiGRU,50,87.31,87.79,86.68,87.23,3,6,LeakyReLU+PReLU,GRU,True
LeakyReLU,Hardswish,BiGRU+BiGRU,50,87.8,88.1,87.4,87.75,3,6,LeakyReLU+Hardswish,GRU,True
Tanh,ReLU,BiGRU+BiGRU,50,87.57,87.23,88.02,87.63,3,6,Tanh+ReLU,GRU,True
Tanh,ELU,BiGRU+BiGRU,50,87.44,87.14,87.84,87.49,3,6,Tanh+ELU,GRU,True
Tanh,LeakyReLU,BiGRU+BiGRU,50,87.91,87.92,87.9,87.91,3,6,Tanh+LeakyReLU,GRU,True
Tanh,Tanh,BiGRU+BiGRU,50,87.32,87.47,87.12,87.29,3,6,Tanh+Tanh,GRU,True
Tanh,GELU,BiGRU+BiGRU,50,87.55,85.28,90.76,87.94,3,6,Tanh+GELU,GRU,True
Tanh,SiLU,BiGRU+BiGRU,50,87.67,86.06,89.9,87.94,3,6,Tanh+SiLU,GRU,True
Tanh,Mish,BiGRU+BiGRU,50,87.6,85.07,91.2,88.03,3,6,Tanh+Mish,GRU,True
Tanh,SELU,BiGRU+BiGRU,50,87.5,85.88,89.76,87.78,4,7,Tanh+SELU,GRU,True
Tanh,PReLU,BiGRU+BiGRU,50,87.64,85.78,90.24,87.95,3,6,Tanh+PReLU,GRU,True
Tanh,Hardswish,BiGRU+BiGRU,50,87.71,88.44,86.76,87.59,4,7,Tanh+Hardswish,GRU,True
GELU,ReLU,BiGRU+BiGRU,50,87.71,88.22,87.04,87.63,3,6,GELU+ReLU,GRU,True
GELU,ELU,BiGRU+BiGRU,50,87.71,86.09,89.96,87.98,3,6,GELU+ELU,GRU,True
GELU,LeakyReLU,BiGRU+BiGRU,50,87.77,87.08,88.7,87.88,3,6,GELU+LeakyReLU,GRU,True
GELU,Tanh,BiGRU+BiGRU,50,87.8,86.9,89.02,87.95,3,6,GELU+Tanh,GRU,True
GELU,GELU,BiGRU+BiGRU,50,87.74,87.15,88.54,87.84,3,6,GELU+GELU,GRU,True
GELU,SiLU,BiGRU+BiGRU,50,88.13,87.03,89.62,88.3,3,6,GELU+SiLU,GRU,True
GELU,Mish,BiGRU+BiGRU,50,87.77,86.55,89.44,87.97,3,6,GELU+Mish,GRU,True
GELU,SELU,BiGRU+BiGRU,50,87.63,88.06,87.06,87.56,3,6,GELU+SELU,GRU,True
GELU,PReLU,BiGRU+BiGRU,50,87.64,85.92,90.04,87.93,3,6,GELU+PReLU,GRU,True
GELU,Hardswish,BiGRU+BiGRU,50,87.86,86.31,90.0,88.11,3,6,GELU+Hardswish,GRU,True
SiLU,ReLU,BiGRU+BiGRU,50,87.5,87.79,87.12,87.45,3,6,SiLU+ReLU,GRU,True
SiLU,ELU,BiGRU+BiGRU,50,87.89,87.54,88.36,87.95,4,7,SiLU+ELU,GRU,True
SiLU,LeakyReLU,BiGRU+BiGRU,50,87.6,86.55,89.04,87.78,3,6,SiLU+LeakyReLU,GRU,True
SiLU,Tanh,BiGRU+BiGRU,50,87.68,86.9,88.74,87.81,3,6,SiLU+Tanh,GRU,True
SiLU,GELU,BiGRU+BiGRU,50,87.68,86.43,89.4,87.89,3,6,SiLU+GELU,GRU,True
SiLU,SiLU,BiGRU+BiGRU,50,87.83,86.97,89.0,87.97,3,6,SiLU+SiLU,GRU,True
SiLU,Mish,BiGRU+BiGRU,50,87.85,87.09,88.88,87.97,3,6,SiLU+Mish,GRU,True
SiLU,SELU,BiGRU+BiGRU,50,87.78,87.83,87.72,87.77,3,6,SiLU+SELU,GRU,True
SiLU,PReLU,BiGRU+BiGRU,50,87.72,86.58,89.28,87.91,3,6,SiLU+PReLU,GRU,True
SiLU,Hardswish,BiGRU+BiGRU,50,87.75,85.43,91.02,88.14,3,6,SiLU+Hardswish,GRU,True
Mish,ReLU,BiGRU+BiGRU,50,87.95,86.75,89.58,88.14,3,6,Mish+ReLU,GRU,True
Mish,ELU,BiGRU+BiGRU,50,87.73,86.44,89.5,87.94,3,6,Mish+ELU,GRU,True
Mish,LeakyReLU,BiGRU+BiGRU,50,87.65,87.55,87.78,87.67,3,6,Mish+LeakyReLU,GRU,True
Mish,Tanh,BiGRU+BiGRU,50,87.41,85.91,89.5,87.67,3,6,Mish+Tanh,GRU,True
Mish,GELU,BiGRU+BiGRU,50,87.71,86.06,90.0,87.99,3,6,Mish+GELU,GRU,True
Mish,SiLU,BiGRU+BiGRU,50,87.76,85.66,90.7,88.11,3,6,Mish+SiLU,GRU,True
Mish,Mish,BiGRU+BiGRU,50,87.56,84.99,91.24,88.0,3,6,Mish+Mish,GRU,True
Mish,SELU,BiGRU+BiGRU,50,87.88,87.02,89.04,88.02,3,6,Mish+SELU,GRU,True
Mish,PReLU,BiGRU+BiGRU,50,87.79,85.58,90.9,88.16,3,6,Mish+PReLU,GRU,True
Mish,Hardswish,BiGRU+BiGRU,50,87.75,86.52,89.44,87.95,4,7,Mish+Hardswish,GRU,True
SELU,ReLU,BiGRU+BiGRU,50,87.82,88.47,86.98,87.72,3,6,SELU+ReLU,GRU,True
SELU,ELU,BiGRU+BiGRU,50,87.34,88.64,85.66,87.12,4,7,SELU+ELU,GRU,True
SELU,LeakyReLU,BiGRU+BiGRU,50,87.58,85.63,90.32,87.91,3,6,SELU+LeakyReLU,GRU,True
SELU,Tanh,BiGRU+BiGRU,50,87.5,87.43,87.6,87.51,3,6,SELU+Tanh,GRU,True
SELU,GELU,BiGRU+BiGRU,50,87.66,86.68,89.0,87.82,3,6,SELU+GELU,GRU,True
SELU,SiLU,BiGRU+BiGRU,50,87.47,85.12,90.82,87.88,3,6,SELU+SiLU,GRU,True
SELU,Mish,BiGRU+BiGRU,50,87.59,86.8,88.66,87.72,3,6,SELU+Mish,GRU,True
SELU,SELU,BiGRU+BiGRU,50,87.72,87.14,88.5,87.82,4,7,SELU+SELU,GRU,True
SELU,PReLU,BiGRU+BiGRU,50,87.54,88.35,86.48,87.41,4,7,SELU+PReLU,GRU,True
SELU,Hardswish,BiGRU+BiGRU,50,87.86,87.03,88.98,87.99,3,6,SELU+Hardswish,GRU,True
PReLU,ReLU,BiGRU+BiGRU,50,87.75,87.46,88.14,87.8,3,6,PReLU+ReLU,GRU,True
PReLU,ELU,BiGRU+BiGRU,50,87.85,86.54,89.64,88.06,3,6,PReLU+ELU,GRU,True
PReLU,LeakyReLU,BiGRU+BiGRU,50,87.88,87.52,88.36,87.94,3,6,PReLU+LeakyReLU,GRU,True
PReLU,Tanh,BiGRU+BiGRU,50,87.74,86.14,89.96,88.01,3,6,PReLU+Tanh,GRU,True
PReLU,GELU,BiGRU+BiGRU,50,87.58,86.44,89.14,87.77,3,6,PReLU+GELU,GRU,True
PReLU,SiLU,BiGRU+BiGRU,50,87.38,84.55,91.48,87.88,3,6,PReLU+SiLU,GRU,True
PReLU,Mish,BiGRU+BiGRU,50,87.75,88.42,86.88,87.64,3,6,PReLU+Mish,GRU,True
PReLU,SELU,BiGRU+BiGRU,50,87.63,87.55,87.74,87.64,3,6,PReLU+SELU,GRU,True
PReLU,PReLU,BiGRU+BiGRU,50,87.64,87.48,87.86,87.67,3,6,PReLU+PReLU,GRU,True
PReLU,Hardswish,BiGRU+BiGRU,50,87.71,87.31,88.24,87.77,3,6,PReLU+Hardswish,GRU,True
Hardswish,ReLU,BiGRU+BiGRU,50,87.78,87.23,88.52,87.87,3,6,Hardswish+ReLU,GRU,True
Hardswish,ELU,BiGRU+BiGRU,50,87.77,86.76,89.14,87.94,3,6,Hardswish+ELU,GRU,True
Hardswish,LeakyReLU,BiGRU+BiGRU,50,87.45,87.81,86.98,87.39,3,6,Hardswish+LeakyReLU,GRU,True
Hardswish,Tanh,BiGRU+BiGRU,50,87.86,86.6,89.58,88.07,3,6,Hardswish+Tanh,GRU,True
Hardswish,GELU,BiGRU+BiGRU,50,87.57,88.06,86.92,87.49,3,6,Hardswish+GELU,GRU,True
Hardswish,SiLU,BiGRU+BiGRU,50,87.69,87.53,87.9,87.72,3,6,Hardswish+SiLU,GRU,True
Hardswish,Mish,BiGRU+BiGRU,50,87.7,86.11,89.9,87.96,3,6,Hardswish+Mish,GRU,True
Hardswish,SELU,BiGRU+BiGRU,50,87.8,86.71,89.28,87.98,3,6,Hardswish+SELU,GRU,True
Hardswish,PReLU,BiGRU+BiGRU,50,87.84,87.33,88.52,87.92,3,6,Hardswish+PReLU,GRU,True
Hardswish,Hardswish,BiGRU+BiGRU,50,87.98,87.49,88.64,88.06,3,6,Hardswish+Hardswish,GRU,True
